{
  "T1": {
    "mode": "angular_sep_back_only",
    "center_xyz": [
      100.0,
      -0.5,
      1.1920928955078125e-07
    ],
    "target_distance_m": 100.0012499921876,
    "grade": "0",
    "r_min": 90.0011,
    "r_max": 110.0014,
    "half_azimuth_deg": 0.286473,
    "half_elevation_low_deg": 0.286473,
    "half_elevation_up_deg": 0.286473,
    "corner_points_xyz": {
      "front_lower_left": [
        89.99550019740174,
        -0.8999718763763899,
        -0.4499942679590632
      ],
      "front_lower_right": [
        90.00000002865984,
        -5.6247539181717535e-06,
        -0.4499942679590632
      ],
      "front_upper_left": [
        89.99550019632892,
        -0.8999718763656616,
        0.44999448253310237
      ],
      "front_upper_right": [
        90.00000002758698,
        -5.624753918104702e-06,
        0.44999448253310237
      ],
      "back_lower_left": [
        109.99450024126877,
        -1.0999656266822542,
        -0.5499929941721883
      ],
      "back_lower_right": [
        110.00000003502869,
        -6.874699233321031e-06,
        -0.5499929941721883
      ],
      "back_upper_left": [
        109.99450023995757,
        -1.0999656266691418,
        0.5499932564293473
      ],
      "back_upper_right": [
        110.00000003371743,
        -6.874699233239081e-06,
        0.5499932564293473
      ]
    }
  },
  "T2": {
    "mode": "angular_sep_back_only",
    "center_xyz": [
      101.85355377197266,
      0.14446258544921875,
      1.1920928955078125e-07
    ],
    "target_distance_m": 101.85365622018053,
    "grade": "0",
    "r_min": 91.6683,
    "r_max": 112.039,
    "half_azimuth_deg": 0.281263,
    "half_elevation_low_deg": 0.281263,
    "half_elevation_up_deg": 0.281263,
    "corner_points_xyz": {
      "front_lower_left": [
        91.66662763426376,
        -0.3199755095986202,
        -0.44999447068899273
      ],
      "front_lower_right": [
        91.66535116370167,
        0.5800018972096855,
        -0.44999447068899273
      ],
      "front_upper_left": [
        91.66662763321041,
        -0.3199755095949433,
        0.44999468526312847
      ],
      "front_upper_right": [
        91.66535116264835,
        0.5800018972030206,
        0.44999468526312847
      ],
      "back_lower_left": [
        112.03698933076683,
        -0.3910811783983136,
        -0.5499932419532133
      ],
      "back_lower_right": [
        112.03542920007983,
        0.7088912077007268,
        -0.5499932419532133
      ],
      "back_upper_left": [
        112.03698932947941,
        -0.3910811783938197,
        0.5499935042104904
      ],
      "back_upper_right": [
        112.03542919879244,
        0.708891207692581,
        0.5499935042104904
      ]
    }
  },
  "mixed_corners": {
    "type": "mixed_corners_frustum",
    "corner_points_xyz": {
      "front_lower_left": [
        91.66662763426376,
        -0.8999718763763899,
        -0.44999447068899273
      ],
      "front_lower_right": [
        91.66535116370167,
        0.5800018972096855,
        -0.44999447068899273
      ],
      "front_upper_left": [
        91.66662763321041,
        -0.8999718763656616,
        0.44999468526312847
      ],
      "front_upper_right": [
        91.66535116264835,
        0.5800018972030206,
        0.44999448253310237
      ],
      "back_lower_left": [
        109.99450024126877,
        -1.0999656266822542,
        -0.5499932419532133
      ],
      "back_lower_right": [
        110.00000003502869,
        0.7088912077007268,
        -0.5499932419532133
      ],
      "back_upper_left": [
        109.99450023995757,
        -1.0999656266691418,
        0.5499935042104904
      ],
      "back_upper_right": [
        110.00000003371743,
        0.708891207692581,
        0.5499935042104904
      ]
    }
  },
  "combined_single_cone": {
    "type": "combined_two_targets_single_cone",
    "los": {
      "azimuth_deg": -0.10260594243572191,
      "elevation_deg": 6.768029304530647e-08
    },
    "alpha_deg": 0.6007174821120321,
    "r_min_hint": 89.50112499296883,
    "r_max_hint": 112.83902184219858
  }
}