{
  "mode": "angular_sep_back_only",
  "center_xyz": [
    101.01624476354787,
    -0.1955372094907637,
    1.3112863855857526e-07
  ],
  "target_distance_m": 101.01643401412123,
  "grade": "0",
  "r_min": 89.999972638318,
  "r_max": 112.04373876097189,
  "half_azimuth_deg": 0.286473,
  "half_elevation_low_deg": 0.286473,
  "half_elevation_up_deg": 0.286473,
  "corner_points_xyz": {
    "front_lower_left": [
      89.99550019632892,
      -1.0999656266822542,
      -0.5499932419532133
    ],
    "front_lower_right": [
      89.99550019632892,
      0.7088912077007268,
      -0.5499932419532133
    ],
    "front_upper_left": [
      89.99550019632892,
      -1.0999656266822542,
      0.5499935042104904
    ],
    "front_upper_right": [
      89.99550019632892,
      0.7088912077007268,
      0.5499935042104904
    ],
    "back_lower_left": [
      112.03698933076683,
      -1.0999656266822542,
      -0.5499932419532133
    ],
    "back_lower_right": [
      112.03698933076683,
      0.7088912077007268,
      -0.5499932419532133
    ],
    "back_upper_left": [
      112.03698933076683,
      -1.0999656266822542,
      0.5499935042104904
    ],
    "back_upper_right": [
      112.03698933076683,
      0.7088912077007268,
      0.5499935042104904
    ]
  }
}