{
  "mode": "angular_sep_back_only",
  "center_xyz": [
    101.85355377197266,
    0.14446258544921875,
    1.1920928955078125e-07
  ],
  "target_distance_m": 101.85365622018053,
  "grade": "0",
  "r_min": 91.6683,
  "r_max": 112.039,
  "half_azimuth_deg": 0.281263,
  "half_elevation_low_deg": 0.281263,
  "half_elevation_up_deg": 0.281263,
  "corner_points_xyz": {
    "front_lower_left": [
      91.66662763426376,
      -0.3199755095986202,
      -0.44999447068899273
    ],
    "front_lower_right": [
      91.66535116370167,
      0.5800018972096855,
      -0.44999447068899273
    ],
    "front_upper_left": [
      91.66662763321041,
      -0.3199755095949433,
      0.44999468526312847
    ],
    "front_upper_right": [
      91.66535116264835,
      0.5800018972030206,
      0.44999468526312847
    ],
    "back_lower_left": [
      112.03698933076683,
      -0.3910811783983136,
      -0.5499932419532133
    ],
    "back_lower_right": [
      112.03542920007983,
      0.7088912077007268,
      -0.5499932419532133
    ],
    "back_upper_left": [
      112.03698932947941,
      -0.3910811783938197,
      0.5499935042104904
    ],
    "back_upper_right": [
      112.03542919879244,
      0.708891207692581,
      0.5499935042104904
    ]
  }
}