{
  "target_distance_m": 80,
  "grade": "A",
  "r_min": 78.4,
  "r_max": 81.6,
  "delta_azimuth_deg": 0.5581,
  "delta_elevation_deg": 0.3581,
  "delta_elevation_top_deg": 0.5581,
  "corner_points_xyz": {
    "front_lower_left": [
      79.85870148824085,
      -1.77200471388615,
      -0.4899904299678712
    ],
    "front_lower_right": [
      78.5360481580284,
      -1.0083704576434265,
      -0.4899904299678712
    ],
    "front_upper_left": [
      79.85758907518662,
      -1.7738888454102038,
      0.763649170828642
    ],
    "front_upper_right": [
      78.5349726587916,
      -1.0102759013699247,
      0.763649170828642
    ],
    "back_lower_left": [
      81.4855872632711,
      0.9835066162717647,
      -0.5099900393543149
    ],
    "back_lower_right": [
      80.10894808284587,
      1.7783096176672528,
      -0.5099900393543149
    ],
    "back_upper_left": [
      81.4844294456024,
      0.9815455814201979,
      0.7948185247400151
    ],
    "back_upper_right": [
      80.10782868568106,
      1.7763264007274269,
      0.7948185247400151
    ]
  }
}