{
  "mode": "angular_sep_back_only",
  "center_xyz": [
    12.353553771972656,
    0.45687779784202576,
    1.1920928955078125e-07
  ],
  "target_distance_m": 12.361999357675959,
  "grade": "0",
  "r_min": 11.1258,
  "r_max": 13.5982,
  "half_azimuth_deg": 2.316153,
  "half_elevation_low_deg": 2.316153,
  "half_elevation_up_deg": 2.316153,
  "corner_points_xyz": {
    "front_lower_left": [
      11.11664364808121,
      -0.03843966248464279,
      -0.44963226136499135
    ],
    "front_lower_right": [
      11.083435553644637,
      0.8594765466737533,
      -0.44963226136499135
    ],
    "front_upper_left": [
      11.11664363940947,
      -0.03843966245465723,
      0.44963247576641213
    ],
    "front_upper_right": [
      11.0834355449988,
      0.8594765460033028,
      0.44963247576641213
    ],
    "back_lower_left": [
      13.58700890321037,
      -0.0469818097034523,
      -0.5495505416683227
    ],
    "back_lower_right": [
      13.546421232232335,
      1.0504713348234764,
      -0.5495505416683227
    ],
    "back_upper_left": [
      13.587008892611575,
      -0.04698180966680328,
      0.5495508037145037
    ],
    "back_upper_right": [
      13.546421221665202,
      1.050471334004037,
      0.5495508037145037
    ]
  }
}