{
  "mode": "angular_sep_back_only",
  "center_xyz": [
    11.271102405438599,
    -0.02305392040120391,
    1.3102309048829142e-07
  ],
  "target_distance_m": 11.271125982666046,
  "grade": "0",
  "r_min": 9.033328819866266,
  "r_max": 13.642261649381947,
  "half_azimuth_deg": 2.85884,
  "half_elevation_low_deg": 2.85884,
  "half_elevation_up_deg": 2.85884,
  "corner_points_xyz": {
    "front_lower_left": [
      8.955195907666829,
      -1.0965791756258843,
      -0.5495505416683227
    ],
    "front_lower_right": [
      8.955195907666829,
      1.0504713348234764,
      -0.5495505416683227
    ],
    "front_upper_left": [
      8.955195907666829,
      -1.0965791756258843,
      0.5495508037145037
    ],
    "front_upper_right": [
      8.955195907666829,
      1.0504713348234764,
      0.5495508037145037
    ],
    "back_lower_left": [
      13.58700890321037,
      -1.0965791756258843,
      -0.5495505416683227
    ],
    "back_lower_right": [
      13.58700890321037,
      1.0504713348234764,
      -0.5495505416683227
    ],
    "back_upper_left": [
      13.58700890321037,
      -1.0965791756258843,
      0.5495508037145037
    ],
    "back_upper_right": [
      13.58700890321037,
      1.0504713348234764,
      0.5495508037145037
    ]
  }
}