{
  "mode": "angular_sep_back_only",
  "center_xyz": [
    52.353553771972656,
    0.3172508776187897,
    1.1920928955078125e-07
  ],
  "target_distance_m": 52.35451499798448,
  "grade": "0",
  "r_min": 47.1191,
  "r_max": 57.59,
  "half_azimuth_deg": 0.547174,
  "half_elevation_low_deg": 0.547174,
  "half_elevation_up_deg": 0.547174,
  "corner_points_xyz": {
    "front_lower_left": [
      47.1166278440627,
      -0.1644509489709291,
      -0.4499793723771927
    ],
    "front_lower_right": [
      47.11117464198289,
      0.7354504491193132,
      -0.4499793723771927
    ],
    "front_upper_left": [
      47.11662784201354,
      -0.16445094896377693,
      0.44997958694412893
    ],
    "front_upper_right": [
      47.11117463993398,
      0.7354504490873276,
      0.44997958694412893
    ],
    "back_lower_left": [
      57.58698958718775,
      -0.20099560429780228,
      -0.5499747884610133
    ],
    "back_lower_right": [
      57.58032456242355,
      0.8988838822569386,
      -0.5499747884610133
    ],
    "back_upper_left": [
      57.586989584683224,
      -0.20099560428906074,
      0.549975050709491
    ],
    "back_upper_right": [
      57.58032455991931,
      0.898883882217845,
      0.549975050709491
    ]
  }
}