{
  "mode": "angular_sep_back_only",
  "center_xyz": [
    50.0,
    -0.5,
    1.1920928955078125e-07
  ],
  "target_distance_m": 50.002499937503124,
  "grade": "0",
  "r_min": 45.0022,
  "r_max": 55.0027,
  "half_azimuth_deg": 0.57291,
  "half_elevation_low_deg": 0.57291,
  "half_elevation_up_deg": 0.57291,
  "corner_points_xyz": {
    "front_lower_left": [
      44.99100157576325,
      -0.8998875219545944,
      -0.44997739665379993
    ],
    "front_lower_right": [
      45.00000022602216,
      -2.2496063259726992e-05,
      -0.44997739665379993
    ],
    "front_upper_left": [
      44.99100157361813,
      -0.8998875219116886,
      0.4499776112197942
    ],
    "front_upper_right": [
      45.000000223876604,
      -2.24960632586544e-05,
      0.4499776112197942
    ],
    "back_lower_left": [
      54.989001925932854,
      -1.099862526833393,
      -0.5499723736879776
    ],
    "back_lower_right": [
      55.000000276249295,
      -2.7495188428555206e-05,
      -0.5499723736879776
    ],
    "back_upper_left": [
      54.989001923311044,
      -1.0998625267809528,
      0.5499726359353039
    ],
    "back_upper_right": [
      55.00000027362696,
      -2.7495188427244267e-05,
      0.5499726359353039
    ]
  }
}