{
  "mode": "angular_sep_back_only",
  "center_xyz": [
    51.28899558040294,
    -0.10048932228822721,
    1.3112423885575097e-07
  ],
  "target_distance_m": 51.28909402349086,
  "grade": "0",
  "r_min": 45.003340843753286,
  "r_max": 57.60011753329333,
  "half_azimuth_deg": 0.57291,
  "half_elevation_low_deg": 0.57291,
  "half_elevation_up_deg": 0.57291,
  "corner_points_xyz": {
    "front_lower_left": [
      44.99100157361813,
      -1.099862526833393,
      -0.5499747884610133
    ],
    "front_lower_right": [
      44.99100157361813,
      0.8988838822569386,
      -0.5499747884610133
    ],
    "front_upper_left": [
      44.99100157361813,
      -1.099862526833393,
      0.549975050709491
    ],
    "front_upper_right": [
      44.99100157361813,
      0.8988838822569386,
      0.549975050709491
    ],
    "back_lower_left": [
      57.58698958718775,
      -1.099862526833393,
      -0.5499747884610133
    ],
    "back_lower_right": [
      57.58698958718775,
      0.8988838822569386,
      -0.5499747884610133
    ],
    "back_upper_left": [
      57.58698958718775,
      -1.099862526833393,
      0.549975050709491
    ],
    "back_upper_right": [
      57.58698958718775,
      0.8988838822569386,
      0.549975050709491
    ]
  }
}