{
  "T1": {
    "mode": "angular_sep_back_only",
    "center_xyz": [
      50.0,
      -0.5,
      1.1920928955078125e-07
    ],
    "target_distance_m": 50.002499937503124,
    "grade": "0",
    "r_min": 45.0022,
    "r_max": 55.0027,
    "half_azimuth_deg": 0.57291,
    "half_elevation_low_deg": 0.57291,
    "half_elevation_up_deg": 0.57291,
    "corner_points_xyz": {
      "front_lower_left": [
        44.99100157576325,
        -0.8998875219545944,
        -0.44997739665379993
      ],
      "front_lower_right": [
        45.00000022602216,
        -2.2496063259726992e-05,
        -0.44997739665379993
      ],
      "front_upper_left": [
        44.99100157361813,
        -0.8998875219116886,
        0.4499776112197942
      ],
      "front_upper_right": [
        45.000000223876604,
        -2.24960632586544e-05,
        0.4499776112197942
      ],
      "back_lower_left": [
        54.989001925932854,
        -1.099862526833393,
        -0.5499723736879776
      ],
      "back_lower_right": [
        55.000000276249295,
        -2.7495188428555206e-05,
        -0.5499723736879776
      ],
      "back_upper_left": [
        54.989001923311044,
        -1.0998625267809528,
        0.5499726359353039
      ],
      "back_upper_right": [
        55.00000027362696,
        -2.7495188427244267e-05,
        0.5499726359353039
      ]
    }
  },
  "T2": {
    "mode": "angular_sep_back_only",
    "center_xyz": [
      52.353553771972656,
      0.3172508776187897,
      1.1920928955078125e-07
    ],
    "target_distance_m": 52.35451499798448,
    "grade": "0",
    "r_min": 47.1191,
    "r_max": 57.59,
    "half_azimuth_deg": 0.547174,
    "half_elevation_low_deg": 0.547174,
    "half_elevation_up_deg": 0.547174,
    "corner_points_xyz": {
      "front_lower_left": [
        47.1166278440627,
        -0.1644509489709291,
        -0.4499793723771927
      ],
      "front_lower_right": [
        47.11117464198289,
        0.7354504491193132,
        -0.4499793723771927
      ],
      "front_upper_left": [
        47.11662784201354,
        -0.16445094896377693,
        0.44997958694412893
      ],
      "front_upper_right": [
        47.11117463993398,
        0.7354504490873276,
        0.44997958694412893
      ],
      "back_lower_left": [
        57.58698958718775,
        -0.20099560429780228,
        -0.5499747884610133
      ],
      "back_lower_right": [
        57.58032456242355,
        0.8988838822569386,
        -0.5499747884610133
      ],
      "back_upper_left": [
        57.586989584683224,
        -0.20099560428906074,
        0.549975050709491
      ],
      "back_upper_right": [
        57.58032455991931,
        0.898883882217845,
        0.549975050709491
      ]
    }
  },
  "mixed_corners": {
    "type": "mixed_corners_frustum",
    "corner_points_xyz": {
      "front_lower_left": [
        47.1166278440627,
        -0.8998875219545944,
        -0.4499793723771927
      ],
      "front_lower_right": [
        47.11117464198289,
        0.7354504491193132,
        -0.4499793723771927
      ],
      "front_upper_left": [
        47.11662784201354,
        -0.8998875219116886,
        0.44997958694412893
      ],
      "front_upper_right": [
        47.11117463993398,
        0.7354504490873276,
        0.4499776112197942
      ],
      "back_lower_left": [
        54.989001925932854,
        -1.099862526833393,
        -0.5499747884610133
      ],
      "back_lower_right": [
        55.000000276249295,
        0.8988838822569386,
        -0.5499747884610133
      ],
      "back_upper_left": [
        54.989001923311044,
        -1.0998625267809528,
        0.549975050709491
      ],
      "back_upper_right": [
        55.00000027362696,
        0.898883882217845,
        0.549975050709491
      ]
    }
  },
  "combined_single_cone": {
    "type": "combined_two_targets_single_cone",
    "los": {
      "azimuth_deg": -0.11287164117856009,
      "elevation_deg": 1.3353296448803657e-07
    },
    "alpha_deg": 1.0,
    "r_min_hint": 44.50224994375281,
    "r_max_hint": 58.389966497782936
  }
}