{
  "target_distance_m": 10.0,
  "width_m": 6.0,
  "extra_front_space_m": 3.0,
  "z_bottom_m": -0.5274848034338913,
  "z_top_m": 99.4725151965661,
  "frame_rate_hz": 10.0,
  "frame_dt": 0.1,
  "corner_points_xyz": {
    "front_bottom_left": [
      13.0,
      -3.0,
      -0.5274848034338913
    ],
    "front_bottom_right": [
      13.0,
      3.0,
      -0.5274848034338913
    ],
    "front_top_left": [
      13.0,
      -3.0,
      99.4725151965661
    ],
    "front_top_right": [
      13.0,
      3.0,
      99.4725151965661
    ],
    "back_bottom_left": [
      0.0,
      -3.0,
      -0.5274848034338913
    ],
    "back_bottom_right": [
      0.0,
      3.0,
      -0.5274848034338913
    ],
    "back_top_left": [
      0.0,
      -3.0,
      99.4725151965661
    ],
    "back_top_right": [
      0.0,
      3.0,
      99.4725151965661
    ]
  }
}