{
  "target_distance_m": 10,
  "grade": "A",
  "r_min": 9.8,
  "r_max": 10.2,
  "delta_azimuth_deg": 3.0624,
  "delta_elevation_deg": 2.8624,
  "delta_elevation_top_deg": 3.0624,
  "corner_points_xyz": {
    "front_lower_left": [
      9.559406735996621,
      -0.5228981532384139,
      -0.31072069349530806
    ],
    "front_lower_right": [
      9.559406735996621,
      0.5228981532384139,
      -0.31072069349530806
    ],
    "front_upper_left": [
      10.064347869581782,
      -0.5228037048049927,
      0.5673937865880926
    ],
    "front_upper_right": [
      10.064347869581782,
      0.5228037048049927,
      0.5673937865880926
    ],
    "back_lower_left": [
      9.89490309411258,
      -0.5442409350032471,
      -0.5274848034338913
    ],
    "back_lower_right": [
      9.89490309411258,
      0.5442409350032471,
      -0.5274848034338913
    ],
    "back_upper_left": [
      10.42045406988489,
      -0.544142631531727,
      0.38647108399985225
    ],
    "back_upper_right": [
      10.42045406988489,
      0.544142631531727,
      0.38647108399985225
    ]
  }
}