{
  "target_distance_m": 20,
  "grade": "A",
  "r_min": 19.6,
  "r_max": 20.4,
  "delta_azimuth_deg": 1.6321,
  "delta_elevation_deg": 1.4321,
  "delta_elevation_top_deg": 1.6321,
  "corner_points_xyz": {
    "front_lower_left": [
      19.585928965295924,
      -0.5580649918707833,
      -0.4898469467399802
    ],
    "front_lower_right": [
      19.585928965295924,
      0.5580649918707833,
      -0.4898469467399802
    ],
    "front_upper_left": [
      19.584100449847643,
      -0.5580128916890361,
      0.5582393599399877
    ],
    "front_upper_right": [
      19.584100449847643,
      0.5580128916890361,
      0.5582393599399877
    ],
    "back_lower_left": [
      20.385354637348815,
      -0.5808431548042846,
      -0.5098406996681426
    ],
    "back_lower_right": [
      20.385354637348815,
      0.5808431548042846,
      -0.5098406996681426
    ],
    "back_upper_left": [
      20.383451488616934,
      -0.5807889280845069,
      0.5810246399375382
    ],
    "back_upper_right": [
      20.383451488616934,
      0.5807889280845069,
      0.5810246399375382
    ]
  }
}