{
  "target_distance_m": 20,
  "grade": "A",
  "r_min": 19.6,
  "r_max": 20.4,
  "delta_azimuth_deg": 1.6321,
  "delta_elevation_deg": 1.4321,
  "delta_elevation_top_deg": 1.6321,
  "corner_points_xyz": {
    "front_lower_left": [
      20.276262942570817,
      -0.6376285309604293,
      -0.4898469467399802
    ],
    "front_lower_right": [
      19.309666022725107,
      -0.07956353908964592,
      -0.4898469467399802
    ],
    "front_upper_left": [
      20.275303564765743,
      -0.6391860216989795,
      0.5582393599399877
    ],
    "front_upper_right": [
      19.3087968850819,
      -0.08117313000994325,
      0.5582393599399877
    ],
    "back_lower_left": [
      20.695702246349214,
      0.043305328008071076,
      -0.5098406996681426
    ],
    "back_lower_right": [
      19.6896523909996,
      0.6241484828123558,
      -0.5098406996681426
    ],
    "back_upper_left": [
      20.694703710266385,
      0.0416842662189712,
      0.5810246399375382
    ],
    "back_upper_right": [
      19.68874777835055,
      0.6224731943034782,
      0.5810246399375382
    ]
  }
}