{
  "target_distance_m": 100.8536622964304,
  "width_m": 6.0,
  "extra_front_space_m": 3.0,
  "z_bottom_m": 0.0,
  "z_top_m": 100.0,
  "frame_rate_hz": 10.0,
  "frame_dt": 0.1,
  "corner_points_xyz": {
    "front_bottom_left": [
      103.8536622964304,
      -3.0,
      0.0
    ],
    "front_bottom_right": [
      103.8536622964304,
      3.0,
      0.0
    ],
    "front_top_left": [
      103.8536622964304,
      -3.0,
      100.0
    ],
    "front_top_right": [
      103.8536622964304,
      3.0,
      100.0
    ],
    "back_bottom_left": [
      0.0,
      -3.0,
      0.0
    ],
    "back_bottom_right": [
      0.0,
      3.0,
      0.0
    ],
    "back_top_left": [
      0.0,
      -3.0,
      100.0
    ],
    "back_top_right": [
      0.0,
      3.0,
      100.0
    ]
  }
}