{
  "mode": "angular_sep_back_only",
  "center_xyz": [
    100.85355377197266,
    0.14795325696468353,
    1.1920928955078125e-07
  ],
  "target_distance_m": 100.8536622964304,
  "grade": "0",
  "r_min": 90.7683,
  "r_max": 110.939,
  "half_azimuth_deg": 0.284052,
  "half_elevation_low_deg": 0.284052,
  "half_elevation_up_deg": 0.284052,
  "corner_points_xyz": {
    "front_lower_left": [
      90.76662763530724,
      -0.3168337971846763,
      -0.4499943626360087
    ],
    "front_lower_right": [
      90.76530735941954,
      0.5831431142197194,
      -0.4499943626360087
    ],
    "front_upper_left": [
      90.76662763424346,
      -0.316833797180963,
      0.449994577210093
    ],
    "front_upper_right": [
      90.76530735835577,
      0.583143114212885,
      0.449994577210093
    ],
    "back_lower_left": [
      110.9369893320422,
      -0.38724130767015996,
      -0.5499931098884552
    ],
    "back_lower_right": [
      110.93537566151278,
      0.7127304729352127,
      -0.5499931098884552
    ],
    "back_upper_left": [
      110.93698933074202,
      -0.3872413076656215,
      0.5499933721456692
    ],
    "back_upper_right": [
      110.93537566021261,
      0.7127304729268595,
      0.5499933721456692
    ]
  }
}