{
  "mode": "angular_sep_back_only",
  "center_xyz": [
    100.46624476418556,
    -0.1936175768735207,
    1.3112860702824136e-07
  ],
  "target_distance_m": 100.46643133297468,
  "grade": "0",
  "r_min": 90.00000295964114,
  "r_max": 110.9438056817366,
  "half_azimuth_deg": 0.286473,
  "half_elevation_low_deg": 0.286473,
  "half_elevation_up_deg": 0.286473,
  "corner_points_xyz": {
    "front_lower_left": [
      89.99550019632892,
      -1.0999656266822542,
      -0.5499931098884552
    ],
    "front_lower_right": [
      89.99550019632892,
      0.7127304729352127,
      -0.5499931098884552
    ],
    "front_upper_left": [
      89.99550019632892,
      -1.0999656266822542,
      0.5499933721456692
    ],
    "front_upper_right": [
      89.99550019632892,
      0.7127304729352127,
      0.5499933721456692
    ],
    "back_lower_left": [
      110.9369893320422,
      -1.0999656266822542,
      -0.5499931098884552
    ],
    "back_lower_right": [
      110.9369893320422,
      0.7127304729352127,
      -0.5499931098884552
    ],
    "back_upper_left": [
      110.9369893320422,
      -1.0999656266822542,
      0.5499933721456692
    ],
    "back_upper_right": [
      110.9369893320422,
      0.7127304729352127,
      0.5499933721456692
    ]
  }
}