{
  "T1": {
    "mode": "angular_sep_back_only",
    "center_xyz": [
      100.0,
      -0.5,
      1.1920928955078125e-07
    ],
    "target_distance_m": 100.0012499921876,
    "grade": "0",
    "r_min": 90.0011,
    "r_max": 110.0014,
    "half_azimuth_deg": 0.286473,
    "half_elevation_low_deg": 0.286473,
    "half_elevation_up_deg": 0.286473,
    "corner_points_xyz": {
      "front_lower_left": [
        89.99550019740174,
        -0.8999718763763899,
        -0.4499942679590632
      ],
      "front_lower_right": [
        90.00000002865984,
        -5.6247539181717535e-06,
        -0.4499942679590632
      ],
      "front_upper_left": [
        89.99550019632892,
        -0.8999718763656616,
        0.44999448253310237
      ],
      "front_upper_right": [
        90.00000002758698,
        -5.624753918104702e-06,
        0.44999448253310237
      ],
      "back_lower_left": [
        109.99450024126877,
        -1.0999656266822542,
        -0.5499929941721883
      ],
      "back_lower_right": [
        110.00000003502869,
        -6.874699233321031e-06,
        -0.5499929941721883
      ],
      "back_upper_left": [
        109.99450023995757,
        -1.0999656266691418,
        0.5499932564293473
      ],
      "back_upper_right": [
        110.00000003371743,
        -6.874699233239081e-06,
        0.5499932564293473
      ]
    }
  },
  "T2": {
    "mode": "angular_sep_back_only",
    "center_xyz": [
      100.85355377197266,
      0.14795325696468353,
      1.1920928955078125e-07
    ],
    "target_distance_m": 100.8536622964304,
    "grade": "0",
    "r_min": 90.7683,
    "r_max": 110.939,
    "half_azimuth_deg": 0.284052,
    "half_elevation_low_deg": 0.284052,
    "half_elevation_up_deg": 0.284052,
    "corner_points_xyz": {
      "front_lower_left": [
        90.76662763530724,
        -0.3168337971846763,
        -0.4499943626360087
      ],
      "front_lower_right": [
        90.76530735941954,
        0.5831431142197194,
        -0.4499943626360087
      ],
      "front_upper_left": [
        90.76662763424346,
        -0.316833797180963,
        0.449994577210093
      ],
      "front_upper_right": [
        90.76530735835577,
        0.583143114212885,
        0.449994577210093
      ],
      "back_lower_left": [
        110.9369893320422,
        -0.38724130767015996,
        -0.5499931098884552
      ],
      "back_lower_right": [
        110.93537566151278,
        0.7127304729352127,
        -0.5499931098884552
      ],
      "back_upper_left": [
        110.93698933074202,
        -0.3872413076656215,
        0.5499933721456692
      ],
      "back_upper_right": [
        110.93537566021261,
        0.7127304729268595,
        0.5499933721456692
      ]
    }
  },
  "mixed_corners": {
    "type": "mixed_corners_frustum",
    "corner_points_xyz": {
      "front_lower_left": [
        90.76662763530724,
        -0.8999718763763899,
        -0.4499943626360087
      ],
      "front_lower_right": [
        90.76530735941954,
        0.5831431142197194,
        -0.4499943626360087
      ],
      "front_upper_left": [
        90.76662763424346,
        -0.8999718763656616,
        0.449994577210093
      ],
      "front_upper_right": [
        90.76530735835577,
        0.583143114212885,
        0.44999448253310237
      ],
      "back_lower_left": [
        109.99450024126877,
        -1.0999656266822542,
        -0.5499931098884552
      ],
      "back_lower_right": [
        110.00000003502869,
        0.7127304729352127,
        -0.5499931098884552
      ],
      "back_upper_left": [
        109.99450023995757,
        -1.0999656266691418,
        0.5499933721456692
      ],
      "back_upper_right": [
        110.00000003371743,
        0.7127304729268595,
        0.5499933721456692
      ]
    }
  },
  "combined_single_cone": {
    "type": "combined_two_targets_single_cone",
    "los": {
      "azimuth_deg": -0.10121152037805725,
      "elevation_deg": 6.801275427163993e-08
    },
    "alpha_deg": 0.601908872931767,
    "r_min_hint": 89.50112499296883,
    "r_max_hint": 111.73902852607344
  }
}