{
  "target_distance_m": 40,
  "grade": "A",
  "r_min": 39.2,
  "r_max": 40.8,
  "delta_azimuth_deg": 0.9162,
  "delta_elevation_deg": 0.7162,
  "delta_elevation_top_deg": 0.9162,
  "corner_points_xyz": {
    "front_lower_left": [
      40.1387298843181,
      -1.0131780383462994,
      -0.48996172323549997
    ],
    "front_lower_right": [
      39.05319713807657,
      -0.3864454150895954,
      -0.48996172323549997
    ],
    "front_upper_left": [
      40.13772847620934,
      -1.0148501989025975,
      0.626781584830409
    ],
    "front_upper_right": [
      39.05224970860999,
      -0.38814874022948753,
      0.626781584830409
    ],
    "back_lower_left": [
      40.96071885918823,
      0.3593867825937542,
      -0.5099601609185815
    ],
    "back_lower_right": [
      39.83087865391643,
      1.0117003292486908,
      -0.5099601609185815
    ],
    "back_upper_left": [
      40.95967657727911,
      0.35764637058617366,
      0.6523645066602215
    ],
    "back_upper_right": [
      39.82989255385937,
      1.0099274806336962,
      0.6523645066602215
    ]
  }
}