{
  "T1": {
    "mode": "angular_sep_back_only",
    "center_xyz": [
      50.0,
      -0.5,
      1.1920928955078125e-07
    ],
    "target_distance_m": 50.002499937503124,
    "grade": "0",
    "r_min": 45.0022,
    "r_max": 55.0027,
    "half_azimuth_deg": 0.57291,
    "half_elevation_low_deg": 0.57291,
    "half_elevation_up_deg": 0.57291,
    "corner_points_xyz": {
      "front_lower_left": [
        44.99100157576325,
        -0.8998875219545944,
        -0.44997739665379993
      ],
      "front_lower_right": [
        45.00000022602216,
        -2.2496063259726992e-05,
        -0.44997739665379993
      ],
      "front_upper_left": [
        44.99100157361813,
        -0.8998875219116886,
        0.4499776112197942
      ],
      "front_upper_right": [
        45.000000223876604,
        -2.24960632586544e-05,
        0.4499776112197942
      ],
      "back_lower_left": [
        54.989001925932854,
        -1.099862526833393,
        -0.5499723736879776
      ],
      "back_lower_right": [
        55.000000276249295,
        -2.7495188428555206e-05,
        -0.5499723736879776
      ],
      "back_upper_left": [
        54.989001923311044,
        -1.0998625267809528,
        0.5499726359353039
      ],
      "back_upper_right": [
        55.00000027362696,
        -2.7495188427244267e-05,
        0.5499726359353039
      ]
    }
  },
  "T2": {
    "mode": "angular_sep_back_only",
    "center_xyz": [
      50.4035530090332,
      0.3240576982498169,
      1.1920928955078125e-07
    ],
    "target_distance_m": 50.404594724352414,
    "grade": "0",
    "r_min": 45.3641,
    "r_max": 55.4451,
    "half_azimuth_deg": 0.56834,
    "half_elevation_low_deg": 0.56834,
    "half_elevation_up_deg": 0.56834,
    "corner_points_xyz": {
      "front_lower_left": [
        45.3616271857816,
        -0.15832319222796376,
        -0.4499777541133952
      ],
      "front_lower_right": [
        45.35584153798515,
        0.7415696570239082,
        -0.4499777541133952
      ],
      "front_upper_left": [
        45.36162718365318,
        -0.15832319222053504,
        0.4499779686795598
      ],
      "front_upper_right": [
        45.355841535856996,
        0.7415696569891128,
        0.4499779686795598
      ],
      "back_lower_left": [
        55.44198878262195,
        -0.1935061238341779,
        -0.5499728105830385
      ],
      "back_lower_right": [
        55.43491743531517,
        0.9063629141403321,
        -0.5499728105830385
      ],
      "back_upper_left": [
        55.44198878002054,
        -0.19350612382509835,
        0.5499730728305731
      ],
      "back_upper_right": [
        55.434917432714094,
        0.9063629140978045,
        0.5499730728305731
      ]
    }
  },
  "mixed_corners": {
    "type": "mixed_corners_frustum",
    "corner_points_xyz": {
      "front_lower_left": [
        45.3616271857816,
        -0.8998875219545944,
        -0.4499777541133952
      ],
      "front_lower_right": [
        45.35584153798515,
        0.7415696570239082,
        -0.4499777541133952
      ],
      "front_upper_left": [
        45.36162718365318,
        -0.8998875219116886,
        0.4499779686795598
      ],
      "front_upper_right": [
        45.355841535856996,
        0.7415696569891128,
        0.4499776112197942
      ],
      "back_lower_left": [
        54.989001925932854,
        -1.099862526833393,
        -0.5499728105830385
      ],
      "back_lower_right": [
        55.000000276249295,
        0.9063629141403321,
        -0.5499728105830385
      ],
      "back_upper_left": [
        54.989001923311044,
        -1.0998625267809528,
        0.5499730728305731
      ],
      "back_upper_right": [
        55.00000027362696,
        0.9063629140978045,
        0.5499730728305731
      ]
    }
  },
  "combined_single_cone": {
    "type": "combined_two_targets_single_cone",
    "los": {
      "azimuth_deg": -0.10228706902689225,
      "elevation_deg": 1.3605670358794346e-07
    },
    "alpha_deg": 1.0,
    "r_min_hint": 44.50224994375281,
    "r_max_hint": 56.24505419678765
  }
}