{
  "mode": "angular_sep_back_only",
  "center_xyz": [
    50.21649517812004,
    -0.09674980634653046,
    1.3112376728852126e-07
  ],
  "target_distance_m": 50.21658837972948,
  "grade": "0",
  "r_min": 45.00349082484401,
  "r_max": 55.455624495006354,
  "half_azimuth_deg": 0.57291,
  "half_elevation_low_deg": 0.57291,
  "half_elevation_up_deg": 0.57291,
  "corner_points_xyz": {
    "front_lower_left": [
      44.99100157361813,
      -1.099862526833393,
      -0.5499728105830385
    ],
    "front_lower_right": [
      44.99100157361813,
      0.9063629141403321,
      -0.5499728105830385
    ],
    "front_upper_left": [
      44.99100157361813,
      -1.099862526833393,
      0.5499730728305731
    ],
    "front_upper_right": [
      44.99100157361813,
      0.9063629141403321,
      0.5499730728305731
    ],
    "back_lower_left": [
      55.44198878262195,
      -1.099862526833393,
      -0.5499728105830385
    ],
    "back_lower_right": [
      55.44198878262195,
      0.9063629141403321,
      -0.5499728105830385
    ],
    "back_upper_left": [
      55.44198878262195,
      -1.099862526833393,
      0.5499730728305731
    ],
    "back_upper_right": [
      55.44198878262195,
      0.9063629141403321,
      0.5499730728305731
    ]
  }
}