{
  "mode": "angular_sep_back_only",
  "center_xyz": [
    50.4035530090332,
    0.3240576982498169,
    1.1920928955078125e-07
  ],
  "target_distance_m": 50.404594724352414,
  "grade": "0",
  "r_min": 45.3641,
  "r_max": 55.4451,
  "half_azimuth_deg": 0.56834,
  "half_elevation_low_deg": 0.56834,
  "half_elevation_up_deg": 0.56834,
  "corner_points_xyz": {
    "front_lower_left": [
      45.3616271857816,
      -0.15832319222796376,
      -0.4499777541133952
    ],
    "front_lower_right": [
      45.35584153798515,
      0.7415696570239082,
      -0.4499777541133952
    ],
    "front_upper_left": [
      45.36162718365318,
      -0.15832319222053504,
      0.4499779686795598
    ],
    "front_upper_right": [
      45.355841535856996,
      0.7415696569891128,
      0.4499779686795598
    ],
    "back_lower_left": [
      55.44198878262195,
      -0.1935061238341779,
      -0.5499728105830385
    ],
    "back_lower_right": [
      55.43491743531517,
      0.9063629141403321,
      -0.5499728105830385
    ],
    "back_upper_left": [
      55.44198878002054,
      -0.19350612382509835,
      0.5499730728305731
    ],
    "back_upper_right": [
      55.434917432714094,
      0.9063629140978045,
      0.5499730728305731
    ]
  }
}