{
  "target_distance_m": 50.0,
  "width_m": 6.0,
  "extra_front_space_m": 3.0,
  "z_bottom_m": -0.5099745019123406,
  "z_top_m": 99.49002549808766,
  "frame_rate_hz": 10.0,
  "frame_dt": 0.1,
  "corner_points_xyz": {
    "front_bottom_left": [
      53.0,
      -3.0,
      -0.5099745019123406
    ],
    "front_bottom_right": [
      53.0,
      3.0,
      -0.5099745019123406
    ],
    "front_top_left": [
      53.0,
      -3.0,
      99.49002549808766
    ],
    "front_top_right": [
      53.0,
      3.0,
      99.49002549808766
    ],
    "back_bottom_left": [
      0.0,
      -3.0,
      -0.5099745019123406
    ],
    "back_bottom_right": [
      0.0,
      3.0,
      -0.5099745019123406
    ],
    "back_top_left": [
      0.0,
      -3.0,
      99.49002549808766
    ],
    "back_top_right": [
      0.0,
      3.0,
      99.49002549808766
    ]
  }
}