{
  "target_distance_m": 50,
  "grade": "A",
  "r_min": 49.0,
  "r_max": 51.0,
  "delta_azimuth_deg": 0.7729,
  "delta_elevation_deg": 0.5729,
  "delta_elevation_top_deg": 0.7729,
  "corner_points_xyz": {
    "front_lower_left": [
      50.0689651413247,
      -1.2024945449036477,
      -0.4899755018373469
    ],
    "front_lower_right": [
      48.92412660553888,
      -0.541521708089049,
      -0.4899755018373469
    ],
    "front_upper_left": [
      50.06793734242373,
      -1.2042205465592961,
      0.6610058846302648
    ],
    "front_upper_right": [
      48.9231457437086,
      -0.5432748088750927,
      0.6610058846302648
    ],
    "back_lower_left": [
      51.092188208317545,
      0.5158228283338364,
      -0.5099745019123406
    ],
    "back_lower_right": [
      49.90062156903027,
      1.203774148283725,
      -0.5099745019123406
    ],
    "back_upper_left": [
      51.091118458441024,
      0.5140263776310129,
      0.6879857166559898
    ],
    "back_upper_right": [
      49.89960067202324,
      1.2019494923635508,
      0.6879857166559898
    ]
  }
}