{
  "target_distance_m": 20.0,
  "width_m": 6.0,
  "extra_front_space_m": 3.0,
  "z_bottom_m": -0.5098406996681426,
  "z_top_m": 99.49015930033185,
  "frame_rate_hz": 10.0,
  "frame_dt": 0.1,
  "corner_points_xyz": {
    "front_bottom_left": [
      23.0,
      -3.0,
      -0.5098406996681426
    ],
    "front_bottom_right": [
      23.0,
      3.0,
      -0.5098406996681426
    ],
    "front_top_left": [
      23.0,
      -3.0,
      99.49015930033185
    ],
    "front_top_right": [
      23.0,
      3.0,
      99.49015930033185
    ],
    "back_bottom_left": [
      0.0,
      -3.0,
      -0.5098406996681426
    ],
    "back_bottom_right": [
      0.0,
      3.0,
      -0.5098406996681426
    ],
    "back_top_left": [
      0.0,
      -3.0,
      99.49015930033185
    ],
    "back_top_right": [
      0.0,
      3.0,
      99.49015930033185
    ]
  }
}