{
  "target_distance_m": 20.0,
  "width_m": 6.0,
  "extra_front_space_m": 3.0,
  "z_bottom_m": -0.6342123164702514,
  "z_top_m": 99.36578768352975,
  "frame_rate_hz": 10.0,
  "frame_dt": 0.1,
  "corner_points_xyz": {
    "front_bottom_left": [
      23.0,
      -3.0,
      -0.6342123164702514
    ],
    "front_bottom_right": [
      23.0,
      3.0,
      -0.6342123164702514
    ],
    "front_top_left": [
      23.0,
      -3.0,
      99.36578768352975
    ],
    "front_top_right": [
      23.0,
      3.0,
      99.36578768352975
    ],
    "back_bottom_left": [
      0.0,
      -3.0,
      -0.6342123164702514
    ],
    "back_bottom_right": [
      0.0,
      3.0,
      -0.6342123164702514
    ],
    "back_top_left": [
      0.0,
      -3.0,
      99.36578768352975
    ],
    "back_top_right": [
      0.0,
      3.0,
      99.36578768352975
    ]
  }
}