{
  "target_distance_m": 70,
  "grade": "A",
  "r_min": 68.6,
  "r_max": 71.4,
  "delta_azimuth_deg": 0.6092,
  "delta_elevation_deg": 0.4092,
  "delta_elevation_top_deg": 0.6092,
  "corner_points_xyz": {
    "front_lower_left": [
      69.92888090603091,
      -1.5820188573582294,
      -0.48998750047829603
    ],
    "front_lower_right": [
      68.66549102724629,
      -0.8526003707504725,
      -0.48998750047829603
    ],
    "front_upper_left": [
      69.92779721770997,
      -1.583850599346005,
      0.7294370939848751
    ],
    "front_upper_right": [
      68.66444653631217,
      -0.8544547433600866,
      0.7294370939848751
    ],
    "back_lower_left": [
      71.35454951444035,
      0.8277672409092427,
      -0.5099869902937367
    ],
    "back_lower_right": [
      70.03959270182779,
      1.5869579106438472,
      -0.5099869902937367
    ],
    "back_upper_left": [
      71.35342159394303,
      0.8258607339423495,
      0.7592100365965028
    ],
    "back_upper_right": [
      70.03850557861062,
      1.5850278493562646,
      0.7592100365965028
    ]
  }
}