{
  "mode": "angular_sep_back_only",
  "center_xyz": [
    10.19860839881651,
    -0.01975419418180213,
    1.3097933648786864e-07
  ],
  "target_distance_m": 10.198627530241431,
  "grade": "0",
  "r_min": 9.034087475831305,
  "r_max": 11.507568481206533,
  "half_azimuth_deg": 2.85884,
  "half_elevation_low_deg": 2.85884,
  "half_elevation_up_deg": 2.85884,
  "corner_points_xyz": {
    "front_lower_left": [
      8.955195907666829,
      -1.0965791756258843,
      -0.5493670239430336
    ],
    "front_lower_right": [
      8.955195907666829,
      1.05707078726228,
      -0.5493670239430336
    ],
    "front_upper_left": [
      8.955195907666829,
      -1.0965791756258843,
      0.5493672859017066
    ],
    "front_upper_right": [
      8.955195907666829,
      1.05707078726228,
      0.5493672859017066
    ],
    "back_lower_left": [
      11.44202088996619,
      -1.0965791756258843,
      -0.5493670239430336
    ],
    "back_lower_right": [
      11.44202088996619,
      1.05707078726228,
      -0.5493670239430336
    ],
    "back_upper_left": [
      11.44202088996619,
      -1.0965791756258843,
      0.5493672859017066
    ],
    "back_upper_right": [
      11.44202088996619,
      1.05707078726228,
      0.5493672859017066
    ]
  }
}