{
  "mode": "angular_sep_back_only",
  "center_xyz": [
    10.403553009033203,
    0.4636845886707306,
    1.1920928955078125e-07
  ],
  "target_distance_m": 10.413881054128407,
  "grade": "0",
  "r_min": 9.3725,
  "r_max": 11.4553,
  "half_azimuth_deg": 2.748822,
  "half_elevation_low_deg": 2.748822,
  "half_elevation_up_deg": 2.748822,
  "corner_points_xyz": {
    "front_lower_left": [
      9.361653455426882,
      -0.032163435115058925,
      -0.4494821104988457
    ],
    "front_lower_right": [
      9.321672555931976,
      0.8648760986691381,
      -0.4494821104988457
    ],
    "front_upper_left": [
      9.36165344513636,
      -0.03216343507970422,
      0.44948232482866907
    ],
    "front_upper_right": [
      9.3216725456854,
      0.8648760977184485,
      0.44948232482866907
    ],
    "back_lower_left": [
      11.44202088996619,
      -0.03931086514062758,
      -0.5493670239430336
    ],
    "back_lower_right": [
      11.393155346139082,
      1.05707078726228,
      -0.5493670239430336
    ],
    "back_upper_left": [
      11.442020877388886,
      -0.03931086509741627,
      0.5493672859017066
    ],
    "back_upper_right": [
      11.393155333615491,
      1.057070786100326,
      0.5493672859017066
    ]
  }
}