{
  "T1": {
    "mode": "angular_sep_back_only",
    "center_xyz": [
      10.0,
      -0.5,
      1.1920928955078125e-07
    ],
    "target_distance_m": 10.012492197250394,
    "grade": "0",
    "r_min": 9.0112,
    "r_max": 11.0137,
    "half_azimuth_deg": 2.85884,
    "half_elevation_low_deg": 2.85884,
    "half_elevation_up_deg": 2.85884,
    "corner_points_xyz": {
      "front_lower_left": [
        8.955195918315633,
        -0.8972011436939054,
        -0.44943984284595995
      ],
      "front_lower_right": [
        9.000027972956842,
        -0.0005600508697183712,
        -0.44943984284595995
      ],
      "front_upper_left": [
        8.955195907666829,
        -0.8972011426270254,
        0.4494400571556285
      ],
      "front_upper_right": [
        9.000027962254727,
        -0.0005600508690524035,
        0.4494400571556285
      ],
      "back_lower_left": [
        10.945239455719106,
        -1.0965791756258843,
        -0.5493153634783955
      ],
      "back_lower_right": [
        11.000034189169472,
        -0.000684506618544676,
        -0.5493153634783955
      ],
      "back_upper_left": [
        10.945239442703903,
        -1.09657917432192,
        0.5493156254124348
      ],
      "back_upper_right": [
        11.00003417608911,
        -0.0006845066177307153,
        0.5493156254124348
      ]
    }
  },
  "T2": {
    "mode": "angular_sep_back_only",
    "center_xyz": [
      10.403553009033203,
      0.4636845886707306,
      1.1920928955078125e-07
    ],
    "target_distance_m": 10.413881054128407,
    "grade": "0",
    "r_min": 9.3725,
    "r_max": 11.4553,
    "half_azimuth_deg": 2.748822,
    "half_elevation_low_deg": 2.748822,
    "half_elevation_up_deg": 2.748822,
    "corner_points_xyz": {
      "front_lower_left": [
        9.361653455426882,
        -0.032163435115058925,
        -0.4494821104988457
      ],
      "front_lower_right": [
        9.321672555931976,
        0.8648760986691381,
        -0.4494821104988457
      ],
      "front_upper_left": [
        9.36165344513636,
        -0.03216343507970422,
        0.44948232482866907
      ],
      "front_upper_right": [
        9.3216725456854,
        0.8648760977184485,
        0.44948232482866907
      ],
      "back_lower_left": [
        11.44202088996619,
        -0.03931086514062758,
        -0.5493670239430336
      ],
      "back_lower_right": [
        11.393155346139082,
        1.05707078726228,
        -0.5493670239430336
      ],
      "back_upper_left": [
        11.442020877388886,
        -0.03931086509741627,
        0.5493672859017066
      ],
      "back_upper_right": [
        11.393155333615491,
        1.057070786100326,
        0.5493672859017066
      ]
    }
  },
  "mixed_corners": {
    "type": "mixed_corners_frustum",
    "corner_points_xyz": {
      "front_lower_left": [
        9.361653455426882,
        -0.8972011436939054,
        -0.4494821104988457
      ],
      "front_lower_right": [
        9.321672555931976,
        0.8648760986691381,
        -0.4494821104988457
      ],
      "front_upper_left": [
        9.36165344513636,
        -0.8972011426270254,
        0.44948232482866907
      ],
      "front_upper_right": [
        9.3216725456854,
        0.8648760977184485,
        0.4494400571556285
      ],
      "back_lower_left": [
        10.945239455719106,
        -1.0965791756258843,
        -0.5493670239430336
      ],
      "back_lower_right": [
        11.000034189169472,
        1.05707078726228,
        -0.5493670239430336
      ],
      "back_upper_left": [
        10.945239442703903,
        -1.09657917432192,
        0.5493672859017066
      ],
      "back_upper_right": [
        11.00003417608911,
        1.057070786100326,
        0.5493672859017066
      ]
    }
  },
  "combined_single_cone": {
    "type": "combined_two_targets_single_cone",
    "los": {
      "azimuth_deg": -0.15521549384536626,
      "elevation_deg": 6.697676372217865e-07
    },
    "alpha_deg": 1.0,
    "r_min_hint": 8.511242977525352,
    "r_max_hint": 12.25526915954125
  }
}