{
  "target_distance_m": 80,
  "grade": "A",
  "r_min": 78.4,
  "r_max": 81.6,
  "delta_azimuth_deg": 0.5581,
  "delta_elevation_deg": 0.3581,
  "delta_elevation_top_deg": 0.5581,
  "corner_points_xyz": {
    "front_lower_left": [
      78.36481719925128,
      -0.7636342562427236,
      0.37828101690194
    ],
    "front_lower_right": [
      78.36481719925128,
      0.7636342562427236,
      0.37828101690194
    ],
    "front_upper_left": [
      78.98974221202425,
      -0.7636129440402787,
      1.4650587145274132
    ],
    "front_upper_right": [
      78.98974221202425,
      0.7636129440402787,
      1.4650587145274132
    ],
    "back_lower_left": [
      81.12591309729235,
      -0.7948030013954878,
      -1.2389320028163473
    ],
    "back_lower_right": [
      81.12591309729235,
      0.7948030013954878,
      -1.2389320028163473
    ],
    "back_upper_left": [
      81.77634525344382,
      -0.7947808193072288,
      -0.10779603181840547
    ],
    "back_upper_right": [
      81.77634525344382,
      0.7947808193072288,
      -0.10779603181840547
    ]
  }
}