{
  "T1": {
    "mode": "angular_sep_back_only",
    "center_xyz": [
      50.0,
      -0.5,
      1.1920928955078125e-07
    ],
    "target_distance_m": 50.002499937503124,
    "grade": "0",
    "r_min": 45.0022,
    "r_max": 55.0027,
    "half_azimuth_deg": 0.57291,
    "half_elevation_low_deg": 0.57291,
    "half_elevation_up_deg": 0.57291,
    "corner_points_xyz": {
      "front_lower_left": [
        44.99100157576325,
        -0.8998875219545944,
        -0.44997739665379993
      ],
      "front_lower_right": [
        45.00000022602216,
        -2.2496063259726992e-05,
        -0.44997739665379993
      ],
      "front_upper_left": [
        44.99100157361813,
        -0.8998875219116886,
        0.4499776112197942
      ],
      "front_upper_right": [
        45.000000223876604,
        -2.24960632586544e-05,
        0.4499776112197942
      ],
      "back_lower_left": [
        54.989001925932854,
        -1.099862526833393,
        -0.5499723736879776
      ],
      "back_lower_right": [
        55.000000276249295,
        -2.7495188428555206e-05,
        -0.5499723736879776
      ],
      "back_upper_left": [
        54.989001923311044,
        -1.0998625267809528,
        0.5499726359353039
      ],
      "back_upper_right": [
        55.00000027362696,
        -2.7495188427244267e-05,
        0.5499726359353039
      ]
    }
  },
  "T2": {
    "mode": "angular_sep_back_only",
    "center_xyz": [
      51.853553771972656,
      0.31899622082710266,
      1.1920928955078125e-07
    ],
    "target_distance_m": 51.854534974019025,
    "grade": "0",
    "r_min": 46.6691,
    "r_max": 57.04,
    "half_azimuth_deg": 0.552449,
    "half_elevation_low_deg": 0.552449,
    "half_elevation_up_deg": 0.552449,
    "corner_points_xyz": {
      "front_lower_left": [
        46.66662785099068,
        -0.16287974251208898,
        -0.4499789747841702
      ],
      "front_lower_right": [
        46.6610917892258,
        0.7370195593231026,
        -0.4499789747841702
      ],
      "front_upper_left": [
        46.66662784892176,
        -0.16287974250486786,
        0.44997918935091696
      ],
      "front_upper_right": [
        46.661091787157126,
        0.7370195592904276,
        0.44997918935091696
      ],
      "back_lower_left": [
        57.03698959565527,
        -0.19907524084810874,
        -0.5499743025139858
      ],
      "back_lower_right": [
        57.030223297942634,
        0.9008016836171253,
        -0.5499743025139858
      ],
      "back_upper_left": [
        57.03698959312659,
        -0.1990752408392829,
        0.5499745647622318
      ],
      "back_upper_right": [
        57.03022329541426,
        0.9008016835771891,
        0.5499745647622318
      ]
    }
  },
  "mixed_corners": {
    "type": "mixed_corners_frustum",
    "corner_points_xyz": {
      "front_lower_left": [
        46.66662785099068,
        -0.8998875219545944,
        -0.4499789747841702
      ],
      "front_lower_right": [
        46.6610917892258,
        0.7370195593231026,
        -0.4499789747841702
      ],
      "front_upper_left": [
        46.66662784892176,
        -0.8998875219116886,
        0.44997918935091696
      ],
      "front_upper_right": [
        46.661091787157126,
        0.7370195592904276,
        0.4499776112197942
      ],
      "back_lower_left": [
        54.989001925932854,
        -1.099862526833393,
        -0.5499743025139858
      ],
      "back_lower_right": [
        55.000000276249295,
        0.9008016836171253,
        -0.5499743025139858
      ],
      "back_upper_left": [
        54.989001923311044,
        -1.0998625267809528,
        0.5499745647622318
      ],
      "back_upper_right": [
        55.00000027362696,
        0.9008016835771891,
        0.5499745647622318
      ]
    }
  },
  "combined_single_cone": {
    "type": "combined_two_targets_single_cone",
    "los": {
      "azimuth_deg": -0.11023353431481285,
      "elevation_deg": 1.341619821684916e-07
    },
    "alpha_deg": 1.0,
    "r_min_hint": 44.50224994375281,
    "r_max_hint": 57.839988471420924
  }
}