{
  "mode": "angular_sep_back_only",
  "center_xyz": [
    51.853553771972656,
    0.31899622082710266,
    1.1920928955078125e-07
  ],
  "target_distance_m": 51.854534974019025,
  "grade": "0",
  "r_min": 46.6691,
  "r_max": 57.04,
  "half_azimuth_deg": 0.552449,
  "half_elevation_low_deg": 0.552449,
  "half_elevation_up_deg": 0.552449,
  "corner_points_xyz": {
    "front_lower_left": [
      46.66662785099068,
      -0.16287974251208898,
      -0.4499789747841702
    ],
    "front_lower_right": [
      46.6610917892258,
      0.7370195593231026,
      -0.4499789747841702
    ],
    "front_upper_left": [
      46.66662784892176,
      -0.16287974250486786,
      0.44997918935091696
    ],
    "front_upper_right": [
      46.661091787157126,
      0.7370195592904276,
      0.44997918935091696
    ],
    "back_lower_left": [
      57.03698959565527,
      -0.19907524084810874,
      -0.5499743025139858
    ],
    "back_lower_right": [
      57.030223297942634,
      0.9008016836171253,
      -0.5499743025139858
    ],
    "back_upper_left": [
      57.03698959312659,
      -0.1990752408392829,
      0.5499745647622318
    ],
    "back_upper_right": [
      57.03022329541426,
      0.9008016835771891,
      0.5499745647622318
    ]
  }
}