{
  "mode": "angular_sep_back_only",
  "center_xyz": [
    51.0139955846367,
    -0.09953042160813386,
    1.3112412300397835e-07
  ],
  "target_distance_m": 51.014092678535,
  "grade": "0",
  "r_min": 45.003379184278394,
  "r_max": 57.05024409881789,
  "half_azimuth_deg": 0.57291,
  "half_elevation_low_deg": 0.57291,
  "half_elevation_up_deg": 0.57291,
  "corner_points_xyz": {
    "front_lower_left": [
      44.99100157361813,
      -1.099862526833393,
      -0.5499743025139858
    ],
    "front_lower_right": [
      44.99100157361813,
      0.9008016836171253,
      -0.5499743025139858
    ],
    "front_upper_left": [
      44.99100157361813,
      -1.099862526833393,
      0.5499745647622318
    ],
    "front_upper_right": [
      44.99100157361813,
      0.9008016836171253,
      0.5499745647622318
    ],
    "back_lower_left": [
      57.03698959565527,
      -1.099862526833393,
      -0.5499743025139858
    ],
    "back_lower_right": [
      57.03698959565527,
      0.9008016836171253,
      -0.5499743025139858
    ],
    "back_upper_left": [
      57.03698959565527,
      -1.099862526833393,
      0.5499745647622318
    ],
    "back_upper_right": [
      57.03698959565527,
      0.9008016836171253,
      0.5499745647622318
    ]
  }
}