{
  "target_distance_m": 100.0,
  "width_m": 6.0,
  "extra_front_space_m": 3.0,
  "z_bottom_m": -0.5099936251195288,
  "z_top_m": 99.49000637488047,
  "frame_rate_hz": 10.0,
  "frame_dt": 0.1,
  "corner_points_xyz": {
    "front_bottom_left": [
      103.0,
      -3.0,
      -0.5099936251195288
    ],
    "front_bottom_right": [
      103.0,
      3.0,
      -0.5099936251195288
    ],
    "front_top_left": [
      103.0,
      -3.0,
      99.49000637488047
    ],
    "front_top_right": [
      103.0,
      3.0,
      99.49000637488047
    ],
    "back_bottom_left": [
      0.0,
      -3.0,
      -0.5099936251195288
    ],
    "back_bottom_right": [
      0.0,
      3.0,
      -0.5099936251195288
    ],
    "back_top_left": [
      0.0,
      -3.0,
      99.49000637488047
    ],
    "back_top_right": [
      0.0,
      3.0,
      99.49000637488047
    ]
  }
}