{
  "target_distance_m": 100,
  "grade": "A",
  "r_min": 98.0,
  "r_max": 102.0,
  "delta_azimuth_deg": 0.4865,
  "delta_elevation_deg": 0.2865,
  "delta_elevation_top_deg": 0.4865,
  "corner_points_xyz": {
    "front_lower_left": [
      97.99524265020375,
      -0.8320600519429445,
      -0.4899938751148414
    ],
    "front_lower_right": [
      97.99524265020375,
      0.8320600519429445,
      -0.4899938751148414
    ],
    "front_upper_left": [
      97.99293529348839,
      -0.8320404605903797,
      0.8320704526285899
    ],
    "front_upper_right": [
      97.99293529348839,
      0.8320404605903797,
      0.8320704526285899
    ],
    "back_lower_left": [
      101.99504847266103,
      -0.8660216867161259,
      -0.5099936251195288
    ],
    "back_lower_right": [
      101.99504847266103,
      0.8660216867161259,
      -0.5099936251195288
    ],
    "back_upper_left": [
      101.99264693812057,
      -0.8660012957165177,
      0.8660325119195528
    ],
    "back_upper_right": [
      101.99264693812057,
      0.8660012957165177,
      0.8660325119195528
    ]
  }
}