{
  "mode": "angular_sep_back_only",
  "center_xyz": [
    10.996103665527915,
    -0.022187160975122078,
    1.3101388951497484e-07
  ],
  "target_distance_m": 10.996126049347952,
  "grade": "0",
  "r_min": 9.033528224453795,
  "r_max": 13.094583476123955,
  "half_azimuth_deg": 2.85884,
  "half_elevation_low_deg": 2.85884,
  "half_elevation_up_deg": 2.85884,
  "corner_points_xyz": {
    "front_lower_left": [
      8.955195907666829,
      -1.0965791756258843,
      -0.5495119500174981
    ],
    "front_lower_right": [
      8.955195907666829,
      1.05220485367564,
      -0.5495119500174981
    ],
    "front_upper_left": [
      8.955195907666829,
      -1.0965791756258843,
      0.5495122120452771
    ],
    "front_upper_right": [
      8.955195907666829,
      1.05220485367564,
      0.5495122120452771
    ],
    "back_lower_left": [
      13.037011423389,
      -1.0965791756258843,
      -0.5495119500174981
    ],
    "back_lower_right": [
      13.037011423389,
      1.05220485367564,
      -0.5495119500174981
    ],
    "back_upper_left": [
      13.037011423389,
      -1.0965791756258843,
      0.5495122120452771
    ],
    "back_upper_right": [
      13.037011423389,
      1.05220485367564,
      0.5495122120452771
    ]
  }
}