{
  "mode": "angular_sep_back_only",
  "center_xyz": [
    10.0,
    -0.5,
    1.1920928955078125e-07
  ],
  "target_distance_m": 10.012492197250394,
  "grade": "0",
  "r_min": 9.0112,
  "r_max": 11.0137,
  "half_azimuth_deg": 2.85884,
  "half_elevation_low_deg": 2.85884,
  "half_elevation_up_deg": 2.85884,
  "corner_points_xyz": {
    "front_lower_left": [
      8.955195918315633,
      -0.8972011436939054,
      -0.44943984284595995
    ],
    "front_lower_right": [
      9.000027972956842,
      -0.0005600508697183712,
      -0.44943984284595995
    ],
    "front_upper_left": [
      8.955195907666829,
      -0.8972011426270254,
      0.4494400571556285
    ],
    "front_upper_right": [
      9.000027962254727,
      -0.0005600508690524035,
      0.4494400571556285
    ],
    "back_lower_left": [
      10.945239455719106,
      -1.0965791756258843,
      -0.5493153634783955
    ],
    "back_lower_right": [
      11.000034189169472,
      -0.000684506618544676,
      -0.5493153634783955
    ],
    "back_upper_left": [
      10.945239442703903,
      -1.09657917432192,
      0.5493156254124348
    ],
    "back_upper_right": [
      11.00003417608911,
      -0.0006845066177307153,
      0.5493156254124348
    ]
  }
}