{
  "mode": "angular_sep_back_only",
  "center_xyz": [
    11.853553771972656,
    0.45862311124801636,
    1.1920928955078125e-07
  ],
  "target_distance_m": 11.862422694509668,
  "grade": "0",
  "r_min": 10.6762,
  "r_max": 13.0487,
  "half_azimuth_deg": 2.413583,
  "half_elevation_low_deg": 2.413583,
  "half_elevation_up_deg": 2.413583,
  "corner_points_xyz": {
    "front_lower_left": [
      10.666645710045547,
      -0.0368373123616181,
      -0.44960068637795303
    ],
    "front_lower_right": [
      10.631911761123805,
      0.8608948802800692,
      -0.44960068637795303
    ],
    "front_upper_left": [
      10.666645701009234,
      -0.036837312330411154,
      0.44960090076431763
    ],
    "front_upper_right": [
      10.631911752116917,
      0.860894879550757,
      0.44960090076431763
    ],
    "back_lower_left": [
      13.037011423389,
      -0.04502338177531101,
      -0.5495119500174981
    ],
    "back_lower_right": [
      12.994558819151315,
      1.05220485367564,
      -0.5495119500174981
    ],
    "back_upper_left": [
      13.037011412344619,
      -0.04502338173716918,
      0.5495122120452771
    ],
    "back_upper_right": [
      12.994558808142898,
      1.0522048527842585,
      0.5495122120452771
    ]
  }
}