{
  "T1": {
    "mode": "angular_sep_back_only",
    "center_xyz": [
      10.0,
      -0.5,
      1.1920928955078125e-07
    ],
    "target_distance_m": 10.012492197250394,
    "grade": "0",
    "r_min": 9.0112,
    "r_max": 11.0137,
    "half_azimuth_deg": 2.85884,
    "half_elevation_low_deg": 2.85884,
    "half_elevation_up_deg": 2.85884,
    "corner_points_xyz": {
      "front_lower_left": [
        8.955195918315633,
        -0.8972011436939054,
        -0.44943984284595995
      ],
      "front_lower_right": [
        9.000027972956842,
        -0.0005600508697183712,
        -0.44943984284595995
      ],
      "front_upper_left": [
        8.955195907666829,
        -0.8972011426270254,
        0.4494400571556285
      ],
      "front_upper_right": [
        9.000027962254727,
        -0.0005600508690524035,
        0.4494400571556285
      ],
      "back_lower_left": [
        10.945239455719106,
        -1.0965791756258843,
        -0.5493153634783955
      ],
      "back_lower_right": [
        11.000034189169472,
        -0.000684506618544676,
        -0.5493153634783955
      ],
      "back_upper_left": [
        10.945239442703903,
        -1.09657917432192,
        0.5493156254124348
      ],
      "back_upper_right": [
        11.00003417608911,
        -0.0006845066177307153,
        0.5493156254124348
      ]
    }
  },
  "T2": {
    "mode": "angular_sep_back_only",
    "center_xyz": [
      11.853553771972656,
      0.45862311124801636,
      1.1920928955078125e-07
    ],
    "target_distance_m": 11.862422694509668,
    "grade": "0",
    "r_min": 10.6762,
    "r_max": 13.0487,
    "half_azimuth_deg": 2.413583,
    "half_elevation_low_deg": 2.413583,
    "half_elevation_up_deg": 2.413583,
    "corner_points_xyz": {
      "front_lower_left": [
        10.666645710045547,
        -0.0368373123616181,
        -0.44960068637795303
      ],
      "front_lower_right": [
        10.631911761123805,
        0.8608948802800692,
        -0.44960068637795303
      ],
      "front_upper_left": [
        10.666645701009234,
        -0.036837312330411154,
        0.44960090076431763
      ],
      "front_upper_right": [
        10.631911752116917,
        0.860894879550757,
        0.44960090076431763
      ],
      "back_lower_left": [
        13.037011423389,
        -0.04502338177531101,
        -0.5495119500174981
      ],
      "back_lower_right": [
        12.994558819151315,
        1.05220485367564,
        -0.5495119500174981
      ],
      "back_upper_left": [
        13.037011412344619,
        -0.04502338173716918,
        0.5495122120452771
      ],
      "back_upper_right": [
        12.994558808142898,
        1.0522048527842585,
        0.5495122120452771
      ]
    }
  },
  "mixed_corners": {
    "type": "mixed_corners_frustum",
    "corner_points_xyz": {
      "front_lower_left": [
        10.666645710045547,
        -0.8972011436939054,
        -0.44960068637795303
      ],
      "front_lower_right": [
        10.631911761123805,
        0.8608948802800692,
        -0.44960068637795303
      ],
      "front_upper_left": [
        10.666645701009234,
        -0.8972011426270254,
        0.44960090076431763
      ],
      "front_upper_right": [
        10.631911752116917,
        0.860894879550757,
        0.4494400571556285
      ],
      "back_lower_left": [
        10.945239455719106,
        -1.0965791756258843,
        -0.5495119500174981
      ],
      "back_lower_right": [
        11.000034189169472,
        1.05220485367564,
        -0.5495119500174981
      ],
      "back_upper_left": [
        10.945239442703903,
        -1.09657917432192,
        0.5495122120452771
      ],
      "back_upper_right": [
        11.00003417608911,
        1.0522048527842585,
        0.5495122120452771
      ]
    }
  },
  "combined_single_cone": {
    "type": "combined_two_targets_single_cone",
    "los": {
      "azimuth_deg": -0.3233463178928809,
      "elevation_deg": 6.295933018558535e-07
    },
    "alpha_deg": 1.0,
    "r_min_hint": 8.511242977525352,
    "r_max_hint": 13.848664963960637
  }
}