{
  "target_distance_m": 40,
  "grade": "A",
  "r_min": 39.2,
  "r_max": 40.8,
  "delta_azimuth_deg": 0.9162,
  "delta_elevation_deg": 0.7162,
  "delta_elevation_top_deg": 0.9162,
  "corner_points_xyz": {
    "front_lower_left": [
      39.055207411664306,
      -0.6267326232567038,
      -0.020282810401279605
    ],
    "front_lower_right": [
      39.055207411664306,
      0.6267326232567038,
      -0.020282810401279605
    ],
    "front_upper_left": [
      39.61189132284916,
      -0.6267014586731098,
      0.9478196826777396
    ],
    "front_upper_right": [
      39.61189132284916,
      0.6267014586731098,
      0.9478196826777396
    ],
    "back_lower_left": [
      40.43056347546193,
      -0.6523135466549366,
      -0.837437210825823
    ],
    "back_lower_right": [
      40.43056347546193,
      0.6523135466549366,
      -0.837437210825823
    ],
    "back_upper_left": [
      41.00996917894005,
      -0.6522811100475224,
      0.17017966972581194
    ],
    "back_upper_right": [
      41.00996917894005,
      0.6522811100475224,
      0.17017966972581194
    ]
  }
}