{
  "T1": {
    "mode": "angular_sep_back_only",
    "center_xyz": [
      10.0,
      -0.5,
      1.1920928955078125e-07
    ],
    "target_distance_m": 10.012492197250394,
    "grade": "0",
    "r_min": 9.0112,
    "r_max": 11.0137,
    "half_azimuth_deg": 2.85884,
    "half_elevation_low_deg": 2.85884,
    "half_elevation_up_deg": 2.85884,
    "corner_points_xyz": {
      "front_lower_left": [
        8.955195918315633,
        -0.8972011436939054,
        -0.44943984284595995
      ],
      "front_lower_right": [
        9.000027972956842,
        -0.0005600508697183712,
        -0.44943984284595995
      ],
      "front_upper_left": [
        8.955195907666829,
        -0.8972011426270254,
        0.4494400571556285
      ],
      "front_upper_right": [
        9.000027962254727,
        -0.0005600508690524035,
        0.4494400571556285
      ],
      "back_lower_left": [
        10.945239455719106,
        -1.0965791756258843,
        -0.5493153634783955
      ],
      "back_lower_right": [
        11.000034189169472,
        -0.000684506618544676,
        -0.5493153634783955
      ],
      "back_upper_left": [
        10.945239442703903,
        -1.09657917432192,
        0.5493156254124348
      ],
      "back_upper_right": [
        11.00003417608911,
        -0.0006845066177307153,
        0.5493156254124348
      ]
    }
  },
  "T2": {
    "mode": "angular_sep_back_only",
    "center_xyz": [
      11.353553771972656,
      0.46036845445632935,
      1.1920928955078125e-07
    ],
    "target_distance_m": 11.362883541026594,
    "grade": "0",
    "r_min": 10.2266,
    "r_max": 12.4992,
    "half_azimuth_deg": 2.519556,
    "half_elevation_low_deg": 2.519556,
    "half_elevation_up_deg": 2.519556,
    "corner_points_xyz": {
      "front_lower_left": [
        10.216648146342056,
        -0.03523069201558956,
        -0.4495648667337604
      ],
      "front_lower_right": [
        10.180255015515229,
        0.8622925065727198,
        -0.4495648667337604
      ],
      "front_upper_left": [
        10.216648136909237,
        -0.03523069198306179,
        0.44956508110304494
      ],
      "front_upper_right": [
        10.180255006116013,
        0.8622925057765831,
        0.44956508110304494
      ],
      "back_lower_left": [
        12.487014401084734,
        -0.043059734685720566,
        -0.5494681704523737
      ],
      "back_lower_right": [
        12.442533907851946,
        1.0539130635888796,
        -0.5494681704523737
      ],
      "back_upper_left": [
        12.487014389555734,
        -0.043059734645964416,
        0.549468432459277
      ],
      "back_upper_right": [
        12.442533896364015,
        1.0539130626158237,
        0.549468432459277
      ]
    }
  },
  "mixed_corners": {
    "type": "mixed_corners_frustum",
    "corner_points_xyz": {
      "front_lower_left": [
        10.216648146342056,
        -0.8972011436939054,
        -0.4495648667337604
      ],
      "front_lower_right": [
        10.180255015515229,
        0.8622925065727198,
        -0.4495648667337604
      ],
      "front_upper_left": [
        10.216648136909237,
        -0.8972011426270254,
        0.44956508110304494
      ],
      "front_upper_right": [
        10.180255006116013,
        0.8622925057765831,
        0.4494400571556285
      ],
      "back_lower_left": [
        10.945239455719106,
        -1.0965791756258843,
        -0.5494681704523737
      ],
      "back_lower_right": [
        11.000034189169472,
        1.0539130635888796,
        -0.5494681704523737
      ],
      "back_upper_left": [
        10.945239442703903,
        -1.09657917432192,
        0.549468432459277
      ],
      "back_upper_right": [
        11.00003417608911,
        1.0539130626158237,
        0.549468432459277
      ]
    }
  },
  "combined_single_cone": {
    "type": "combined_two_targets_single_cone",
    "los": {
      "azimuth_deg": -0.2702124937261685,
      "elevation_deg": 6.422888320629359e-07
    },
    "alpha_deg": 1.0,
    "r_min_hint": 8.511242977525352,
    "r_max_hint": 13.299171895129254
  }
}