{
  "mode": "angular_sep_back_only",
  "center_xyz": [
    11.353553771972656,
    0.46036845445632935,
    1.1920928955078125e-07
  ],
  "target_distance_m": 11.362883541026594,
  "grade": "0",
  "r_min": 10.2266,
  "r_max": 12.4992,
  "half_azimuth_deg": 2.519556,
  "half_elevation_low_deg": 2.519556,
  "half_elevation_up_deg": 2.519556,
  "corner_points_xyz": {
    "front_lower_left": [
      10.216648146342056,
      -0.03523069201558956,
      -0.4495648667337604
    ],
    "front_lower_right": [
      10.180255015515229,
      0.8622925065727198,
      -0.4495648667337604
    ],
    "front_upper_left": [
      10.216648136909237,
      -0.03523069198306179,
      0.44956508110304494
    ],
    "front_upper_right": [
      10.180255006116013,
      0.8622925057765831,
      0.44956508110304494
    ],
    "back_lower_left": [
      12.487014401084734,
      -0.043059734685720566,
      -0.5494681704523737
    ],
    "back_lower_right": [
      12.442533907851946,
      1.0539130635888796,
      -0.5494681704523737
    ],
    "back_upper_left": [
      12.487014389555734,
      -0.043059734645964416,
      0.549468432459277
    ],
    "back_upper_right": [
      12.442533896364015,
      1.0539130626158237,
      0.549468432459277
    ]
  }
}