{
  "mode": "angular_sep_back_only",
  "center_xyz": [
    10.721105154375781,
    -0.021333056018502328,
    1.3100345164218652e-07
  ],
  "target_distance_m": 10.721126378812166,
  "grade": "0",
  "r_min": 9.033724689220737,
  "r_max": 12.547108435794405,
  "half_azimuth_deg": 2.85884,
  "half_elevation_low_deg": 2.85884,
  "half_elevation_up_deg": 2.85884,
  "corner_points_xyz": {
    "front_lower_left": [
      8.955195907666829,
      -1.0965791756258843,
      -0.5494681704523737
    ],
    "front_lower_right": [
      8.955195907666829,
      1.0539130635888796,
      -0.5494681704523737
    ],
    "front_upper_left": [
      8.955195907666829,
      -1.0965791756258843,
      0.549468432459277
    ],
    "front_upper_right": [
      8.955195907666829,
      1.0539130635888796,
      0.549468432459277
    ],
    "back_lower_left": [
      12.487014401084734,
      -1.0965791756258843,
      -0.5494681704523737
    ],
    "back_lower_right": [
      12.487014401084734,
      1.0539130635888796,
      -0.5494681704523737
    ],
    "back_upper_left": [
      12.487014401084734,
      -1.0965791756258843,
      0.549468432459277
    ],
    "back_upper_right": [
      12.487014401084734,
      1.0539130635888796,
      0.549468432459277
    ]
  }
}