{
  "target_distance_m": 40.0,
  "width_m": 6.0,
  "extra_front_space_m": 3.0,
  "z_bottom_m": -0.5099601609185815,
  "z_top_m": 99.49003983908142,
  "frame_rate_hz": 10.0,
  "frame_dt": 0.1,
  "corner_points_xyz": {
    "front_bottom_left": [
      43.0,
      -3.0,
      -0.5099601609185815
    ],
    "front_bottom_right": [
      43.0,
      3.0,
      -0.5099601609185815
    ],
    "front_top_left": [
      43.0,
      -3.0,
      99.49003983908142
    ],
    "front_top_right": [
      43.0,
      3.0,
      99.49003983908142
    ],
    "back_bottom_left": [
      0.0,
      -3.0,
      -0.5099601609185815
    ],
    "back_bottom_right": [
      0.0,
      3.0,
      -0.5099601609185815
    ],
    "back_top_left": [
      0.0,
      -3.0,
      99.49003983908142
    ],
    "back_top_right": [
      0.0,
      3.0,
      99.49003983908142
    ]
  }
}