{
  "target_distance_m": 40,
  "grade": "A",
  "r_min": 39.2,
  "r_max": 40.8,
  "delta_azimuth_deg": 0.9162,
  "delta_elevation_deg": 0.7162,
  "delta_elevation_top_deg": 0.9162,
  "corner_points_xyz": {
    "front_lower_left": [
      39.19192702239467,
      -0.6267326232567038,
      -0.48996172323549997
    ],
    "front_lower_right": [
      39.19192702239467,
      0.6267326232567038,
      -0.48996172323549997
    ],
    "front_upper_left": [
      39.18997818481933,
      -0.6267014586731098,
      0.626781584830409
    ],
    "front_upper_right": [
      39.18997818481933,
      0.6267014586731098,
      0.626781584830409
    ],
    "back_lower_left": [
      40.79159751310466,
      -0.6523135466549366,
      -0.5099601609185815
    ],
    "back_lower_right": [
      40.79159751310466,
      0.6523135466549366,
      -0.5099601609185815
    ],
    "back_upper_left": [
      40.789569131138485,
      -0.6522811100475224,
      0.6523645066602215
    ],
    "back_upper_right": [
      40.789569131138485,
      0.6522811100475224,
      0.6523645066602215
    ]
  }
}