{
  "target_distance_m": 100,
  "grade": "A",
  "r_min": 98.0,
  "r_max": 102.0,
  "delta_azimuth_deg": 0.4865,
  "delta_elevation_deg": 0.2865,
  "delta_elevation_top_deg": 0.4865,
  "corner_points_xyz": {
    "front_lower_left": [
      99.71820646755866,
      -2.152200819318591,
      -0.4899938751148414
    ],
    "front_lower_right": [
      98.27703618264509,
      -1.3201407673756462,
      -0.4899938751148414
    ],
    "front_upper_left": [
      99.71703582259197,
      -2.154189253173406,
      0.8320704526285899
    ],
    "front_upper_right": [
      98.27589947089642,
      -1.3221487925830258,
      0.8320704526285899
    ],
    "back_lower_left": [
      101.74752101725493,
      1.2947518157477291,
      -0.5099936251195288
    ],
    "back_lower_right": [
      100.2475274554061,
      2.1607735024638552,
      -0.5099936251195288
    ],
    "back_upper_left": [
      101.74630259086103,
      1.2926822213274347,
      0.8660325119195528
    ],
    "back_upper_right": [
      100.24634434725954,
      2.1586835170439524,
      0.8660325119195528
    ]
  }
}