{
  "mode": "angular_sep_back_only",
  "center_xyz": [
    101.29124476321806,
    -0.1964970328293036,
    1.3112865393516415e-07
  ],
  "target_distance_m": 101.29143535741835,
  "grade": "0",
  "r_min": 89.99995753894983,
  "r_max": 112.59370579088011,
  "half_azimuth_deg": 0.286473,
  "half_elevation_low_deg": 0.286473,
  "half_elevation_up_deg": 0.286473,
  "corner_points_xyz": {
    "front_lower_left": [
      89.99550019632892,
      -1.0999656266822542,
      -0.5499933065388225
    ],
    "front_lower_right": [
      89.99550019632892,
      0.706971561023647,
      -0.5499933065388225
    ],
    "front_upper_left": [
      89.99550019632892,
      -1.0999656266822542,
      0.5499935687961304
    ],
    "front_upper_right": [
      89.99550019632892,
      0.706971561023647,
      0.5499935687961304
    ],
    "back_lower_left": [
      112.58698933010719,
      -1.0999656266822542,
      -0.5499933065388225
    ],
    "back_lower_right": [
      112.58698933010719,
      0.706971561023647,
      -0.5499933065388225
    ],
    "back_upper_left": [
      112.58698933010719,
      -1.0999656266822542,
      0.5499935687961304
    ],
    "back_upper_right": [
      112.58698933010719,
      0.706971561023647,
      0.5499935687961304
    ]
  }
}