{
  "mode": "angular_sep_back_only",
  "center_xyz": [
    102.35355377197266,
    0.14271724224090576,
    1.1920928955078125e-07
  ],
  "target_distance_m": 102.35365327121124,
  "grade": "0",
  "r_min": 92.1183,
  "r_max": 112.589,
  "half_azimuth_deg": 0.279889,
  "half_elevation_low_deg": 0.279889,
  "half_elevation_up_deg": 0.279889,
  "corner_points_xyz": {
    "front_lower_left": [
      92.11662763372405,
      -0.32154637132732355,
      -0.44999452353176383
    ],
    "front_lower_right": [
      92.11537274492592,
      0.5784312772011656,
      -0.44999452353176383
    ],
    "front_upper_left": [
      92.11662763267586,
      -0.3215463713236647,
      0.44999473810592483
    ],
    "front_upper_right": [
      92.11537274387776,
      0.5784312771945836,
      0.44999473810592483
    ],
    "back_lower_left": [
      112.58698933010719,
      -0.3930011205111733,
      -0.5499933065388225
    ],
    "back_lower_right": [
      112.58545557713171,
      0.706971561023647,
      -0.5499933065388225
    ],
    "back_upper_left": [
      112.58698932882606,
      -0.39300112050670133,
      0.5499935687961304
    ],
    "back_upper_right": [
      112.5854555758506,
      0.7069715610156023,
      0.5499935687961304
    ]
  }
}