{
  "T1": {
    "mode": "angular_sep_back_only",
    "center_xyz": [
      100.0,
      -0.5,
      1.1920928955078125e-07
    ],
    "target_distance_m": 100.0012499921876,
    "grade": "0",
    "r_min": 90.0011,
    "r_max": 110.0014,
    "half_azimuth_deg": 0.286473,
    "half_elevation_low_deg": 0.286473,
    "half_elevation_up_deg": 0.286473,
    "corner_points_xyz": {
      "front_lower_left": [
        89.99550019740174,
        -0.8999718763763899,
        -0.4499942679590632
      ],
      "front_lower_right": [
        90.00000002865984,
        -5.6247539181717535e-06,
        -0.4499942679590632
      ],
      "front_upper_left": [
        89.99550019632892,
        -0.8999718763656616,
        0.44999448253310237
      ],
      "front_upper_right": [
        90.00000002758698,
        -5.624753918104702e-06,
        0.44999448253310237
      ],
      "back_lower_left": [
        109.99450024126877,
        -1.0999656266822542,
        -0.5499929941721883
      ],
      "back_lower_right": [
        110.00000003502869,
        -6.874699233321031e-06,
        -0.5499929941721883
      ],
      "back_upper_left": [
        109.99450023995757,
        -1.0999656266691418,
        0.5499932564293473
      ],
      "back_upper_right": [
        110.00000003371743,
        -6.874699233239081e-06,
        0.5499932564293473
      ]
    }
  },
  "T2": {
    "mode": "angular_sep_back_only",
    "center_xyz": [
      102.35355377197266,
      0.14271724224090576,
      1.1920928955078125e-07
    ],
    "target_distance_m": 102.35365327121124,
    "grade": "0",
    "r_min": 92.1183,
    "r_max": 112.589,
    "half_azimuth_deg": 0.279889,
    "half_elevation_low_deg": 0.279889,
    "half_elevation_up_deg": 0.279889,
    "corner_points_xyz": {
      "front_lower_left": [
        92.11662763372405,
        -0.32154637132732355,
        -0.44999452353176383
      ],
      "front_lower_right": [
        92.11537274492592,
        0.5784312772011656,
        -0.44999452353176383
      ],
      "front_upper_left": [
        92.11662763267586,
        -0.3215463713236647,
        0.44999473810592483
      ],
      "front_upper_right": [
        92.11537274387776,
        0.5784312771945836,
        0.44999473810592483
      ],
      "back_lower_left": [
        112.58698933010719,
        -0.3930011205111733,
        -0.5499933065388225
      ],
      "back_lower_right": [
        112.58545557713171,
        0.706971561023647,
        -0.5499933065388225
      ],
      "back_upper_left": [
        112.58698932882606,
        -0.39300112050670133,
        0.5499935687961304
      ],
      "back_upper_right": [
        112.5854555758506,
        0.7069715610156023,
        0.5499935687961304
      ]
    }
  },
  "mixed_corners": {
    "type": "mixed_corners_frustum",
    "corner_points_xyz": {
      "front_lower_left": [
        92.11662763372405,
        -0.8999718763763899,
        -0.44999452353176383
      ],
      "front_lower_right": [
        92.11537274492592,
        0.5784312772011656,
        -0.44999452353176383
      ],
      "front_upper_left": [
        92.11662763267586,
        -0.8999718763656616,
        0.44999473810592483
      ],
      "front_upper_right": [
        92.11537274387776,
        0.5784312771945836,
        0.44999448253310237
      ],
      "back_lower_left": [
        109.99450024126877,
        -1.0999656266822542,
        -0.5499933065388225
      ],
      "back_lower_right": [
        110.00000003502869,
        0.706971561023647,
        -0.5499933065388225
      ],
      "back_upper_left": [
        109.99450023995757,
        -1.0999656266691418,
        0.5499935687961304
      ],
      "back_upper_right": [
        110.00000003371743,
        0.7069715610156023,
        0.5499935687961304
      ]
    }
  },
  "combined_single_cone": {
    "type": "combined_two_targets_single_cone",
    "los": {
      "azimuth_deg": -0.10329293793442734,
      "elevation_deg": 6.751649854348785e-08
    },
    "alpha_deg": 0.6001308657306061,
    "r_min_hint": 89.50112499296883,
    "r_max_hint": 113.38901859833237
  }
}