{
  "target_distance_m": 60.0,
  "width_m": 6.0,
  "extra_front_space_m": 3.0,
  "z_bottom_m": -0.5099822925889224,
  "z_top_m": 99.49001770741108,
  "frame_rate_hz": 10.0,
  "frame_dt": 0.1,
  "corner_points_xyz": {
    "front_bottom_left": [
      63.0,
      -3.0,
      -0.5099822925889224
    ],
    "front_bottom_right": [
      63.0,
      3.0,
      -0.5099822925889224
    ],
    "front_top_left": [
      63.0,
      -3.0,
      99.49001770741108
    ],
    "front_top_right": [
      63.0,
      3.0,
      99.49001770741108
    ],
    "back_bottom_left": [
      0.0,
      -3.0,
      -0.5099822925889224
    ],
    "back_bottom_right": [
      0.0,
      3.0,
      -0.5099822925889224
    ],
    "back_top_left": [
      0.0,
      -3.0,
      99.49001770741108
    ],
    "back_top_right": [
      0.0,
      3.0,
      99.49001770741108
    ]
  }
}