{
  "target_distance_m": 60,
  "grade": "A",
  "r_min": 58.8,
  "r_max": 61.2,
  "delta_azimuth_deg": 0.6775,
  "delta_elevation_deg": 0.4775,
  "delta_elevation_top_deg": 0.6775,
  "corner_points_xyz": {
    "front_lower_left": [
      59.99898425201986,
      -1.3921574076219818,
      -0.4899829869971999
    ],
    "front_lower_right": [
      58.794864192922745,
      -0.6969583673656377,
      -0.4899829869971999
    ],
    "front_upper_left": [
      59.99792885463489,
      -1.3939364937754337,
      0.6952231786928456
    ],
    "front_upper_right": [
      58.79385115781082,
      -0.6987619113888279,
      0.6952231786928456
    ],
    "back_lower_left": [
      61.223432588837,
      0.671898380926776,
      -0.5099822925889224
    ],
    "back_lower_right": [
      59.97016477222572,
      1.3954728922139914,
      -0.5099822925889224
    ],
    "back_upper_left": [
      61.22233411400775,
      0.6700466790119544,
      0.723599634966023
    ],
    "back_upper_right": [
      59.969110388741875,
      1.393595734149034,
      0.723599634966023
    ]
  }
}