{
  "target_distance_m": 90.0,
  "width_m": 6.0,
  "extra_front_space_m": 3.0,
  "z_bottom_m": -1.3390797986875378,
  "z_top_m": 98.66092020131246,
  "frame_rate_hz": 10.0,
  "frame_dt": 0.1,
  "corner_points_xyz": {
    "front_bottom_left": [
      93.0,
      -3.0,
      -1.3390797986875378
    ],
    "front_bottom_right": [
      93.0,
      3.0,
      -1.3390797986875378
    ],
    "front_top_left": [
      93.0,
      -3.0,
      98.66092020131246
    ],
    "front_top_right": [
      93.0,
      3.0,
      98.66092020131246
    ],
    "back_bottom_left": [
      0.0,
      -3.0,
      -1.3390797986875378
    ],
    "back_bottom_right": [
      0.0,
      3.0,
      -1.3390797986875378
    ],
    "back_top_left": [
      0.0,
      -3.0,
      98.66092020131246
    ],
    "back_top_right": [
      0.0,
      3.0,
      98.66092020131246
    ]
  }
}