{
  "target_distance_m": 90,
  "grade": "A",
  "r_min": 88.2,
  "r_max": 91.8,
  "delta_azimuth_deg": 0.5183,
  "delta_elevation_deg": 0.3183,
  "delta_elevation_top_deg": 0.5183,
  "corner_points_xyz": {
    "front_lower_left": [
      88.19185405267302,
      -0.797847844641574,
      0.4781390169472648
    ],
    "front_lower_right": [
      88.19185405267302,
      0.797847844641574,
      0.4781390169472648
    ],
    "front_upper_left": [
      88.8338338395578,
      -0.7978275116088731,
      1.5945758995057573
    ],
    "front_upper_right": [
      88.8338338395578,
      0.7978275116088731,
      1.5945758995057573
    ],
    "back_lower_left": [
      91.2993699870923,
      -0.8304130627902097,
      -1.3390797986875378
    ],
    "back_lower_right": [
      91.2993699870923,
      0.8304130627902097,
      -1.3390797986875378
    ],
    "back_upper_left": [
      91.96755303058464,
      -0.8303918998378066,
      -0.17707406377972268
    ],
    "back_upper_right": [
      91.96755303058464,
      0.8303918998378066,
      -0.17707406377972268
    ]
  }
}