{
  "target_distance_m": 90.0,
  "width_m": 6.0,
  "extra_front_space_m": 3.0,
  "z_bottom_m": -0.5099921298118094,
  "z_top_m": 99.4900078701882,
  "frame_rate_hz": 10.0,
  "frame_dt": 0.1,
  "corner_points_xyz": {
    "front_bottom_left": [
      93.0,
      -3.0,
      -0.5099921298118094
    ],
    "front_bottom_right": [
      93.0,
      3.0,
      -0.5099921298118094
    ],
    "front_top_left": [
      93.0,
      -3.0,
      99.4900078701882
    ],
    "front_top_right": [
      93.0,
      3.0,
      99.4900078701882
    ],
    "back_bottom_left": [
      0.0,
      -3.0,
      -0.5099921298118094
    ],
    "back_bottom_right": [
      0.0,
      3.0,
      -0.5099921298118094
    ],
    "back_top_left": [
      0.0,
      -3.0,
      99.4900078701882
    ],
    "back_top_right": [
      0.0,
      3.0,
      99.4900078701882
    ]
  }
}