{
  "target_distance_m": 90,
  "grade": "A",
  "r_min": 88.2,
  "r_max": 91.8,
  "delta_azimuth_deg": 0.5183,
  "delta_elevation_deg": 0.3183,
  "delta_elevation_top_deg": 0.5183,
  "corner_points_xyz": {
    "front_lower_left": [
      89.78847158550992,
      -1.962073650424447,
      -0.4899924384466405
    ],
    "front_lower_right": [
      88.4065585818814,
      -1.164225805782873,
      -0.4899924384466405
    ],
    "front_upper_left": [
      89.78733015802662,
      -1.964009994753287,
      0.7978601570133101
    ],
    "front_upper_right": [
      88.4054523722438,
      -1.1661824831444136,
      0.7978601570133101
    ],
    "back_lower_left": [
      91.61657246655115,
      1.1391595206031004,
      -0.5099921298118094
    ],
    "back_lower_right": [
      90.17825485052961,
      1.9695725833933104,
      -0.5099921298118094
    ],
    "back_upper_left": [
      91.61538445019097,
      1.1371441418118646,
      0.8304258777077309
    ],
    "back_upper_right": [
      90.17710348947824,
      1.9675360416496717,
      0.8304258777077309
    ]
  }
}