{
  "target_distance_m": 100,
  "grade": "A",
  "r_min": 98.0,
  "r_max": 102.0,
  "delta_azimuth_deg": 0.4865,
  "delta_elevation_deg": 0.2865,
  "delta_elevation_top_deg": 0.4865,
  "corner_points_xyz": {
    "front_lower_left": [
      98.01883226909545,
      -0.8320600519429445,
      0.5780315313498926
    ],
    "front_lower_right": [
      98.01883226909545,
      0.8320600519429445,
      0.5780315313498926
    ],
    "front_upper_left": [
      98.67786620343608,
      -0.8320404605903797,
      1.7241265029705817
    ],
    "front_upper_right": [
      98.67786620343608,
      0.8320404605903797,
      1.7241265029705817
    ],
    "back_lower_left": [
      101.47276584654603,
      -0.8660216867161259,
      -1.4391916714521424
    ],
    "back_lower_right": [
      101.47276584654603,
      0.8660216867161259,
      -1.4391916714521424
    ],
    "back_upper_left": [
      102.15869912514547,
      -0.8660012957165177,
      -0.24631731323470352
    ],
    "back_upper_right": [
      102.15869912514547,
      0.8660012957165177,
      -0.24631731323470352
    ]
  }
}