{
  "mode": "angular_sep_back_only",
  "center_xyz": [
    50.4639955934315,
    -0.09761273457040126,
    1.3112388097535899e-07
  ],
  "target_distance_m": 50.46408999971984,
  "grade": "0",
  "r_min": 45.00345610528347,
  "r_max": 55.95050469366091,
  "half_azimuth_deg": 0.57291,
  "half_elevation_low_deg": 0.57291,
  "half_elevation_up_deg": 0.57291,
  "corner_points_xyz": {
    "front_lower_left": [
      44.99100157361813,
      -1.099862526833393,
      -0.5499732872749838
    ],
    "front_lower_right": [
      44.99100157361813,
      0.9046370576925905,
      -0.5499732872749838
    ],
    "front_upper_left": [
      44.99100157361813,
      -1.099862526833393,
      0.5499735495227458
    ],
    "front_upper_right": [
      44.99100157361813,
      0.9046370576925905,
      0.5499735495227458
    ],
    "back_lower_left": [
      55.93698961324487,
      -1.099862526833393,
      -0.5499732872749838
    ],
    "back_lower_right": [
      55.93698961324487,
      0.9046370576925905,
      -0.5499732872749838
    ],
    "back_upper_left": [
      55.93698961324487,
      -1.099862526833393,
      0.5499735495227458
    ],
    "back_upper_right": [
      55.93698961324487,
      0.9046370576925905,
      0.5499735495227458
    ]
  }
}