{
  "mode": "angular_sep_back_only",
  "center_xyz": [
    50.853553771972656,
    0.32248687744140625,
    1.1920928955078125e-07
  ],
  "target_distance_m": 50.85457628399863,
  "grade": "0",
  "r_min": 45.7691,
  "r_max": 55.94,
  "half_azimuth_deg": 0.563311,
  "half_elevation_low_deg": 0.563311,
  "half_elevation_up_deg": 0.563311,
  "corner_points_xyz": {
    "front_lower_left": [
      45.76662786538217,
      -0.15973732095409598,
      -0.44997814413407766
    ],
    "front_lower_right": [
      45.76092119831191,
      0.7401575926575741,
      -0.44997814413407766
    ],
    "front_upper_left": [
      45.766627863272575,
      -0.15973732094673296,
      0.4499783587004284
    ],
    "front_upper_right": [
      45.76092119620258,
      0.7401575926234568,
      0.4499783587004284
    ],
    "back_lower_left": [
      55.93698961324487,
      -0.19523450338833953,
      -0.5499732872749838
    ],
    "back_lower_right": [
      55.930014797936785,
      0.9046370576925905,
      -0.5499732872749838
    ],
    "back_upper_left": [
      55.93698961066648,
      -0.19523450337934029,
      0.5499735495227458
    ],
    "back_upper_right": [
      55.930014795358716,
      0.9046370576508918,
      0.5499735495227458
    ]
  }
}