{
  "T1": {
    "mode": "angular_sep_back_only",
    "center_xyz": [
      50.0,
      -0.5,
      1.1920928955078125e-07
    ],
    "target_distance_m": 50.002499937503124,
    "grade": "0",
    "r_min": 45.0022,
    "r_max": 55.0027,
    "half_azimuth_deg": 0.57291,
    "half_elevation_low_deg": 0.57291,
    "half_elevation_up_deg": 0.57291,
    "corner_points_xyz": {
      "front_lower_left": [
        44.99100157576325,
        -0.8998875219545944,
        -0.44997739665379993
      ],
      "front_lower_right": [
        45.00000022602216,
        -2.2496063259726992e-05,
        -0.44997739665379993
      ],
      "front_upper_left": [
        44.99100157361813,
        -0.8998875219116886,
        0.4499776112197942
      ],
      "front_upper_right": [
        45.000000223876604,
        -2.24960632586544e-05,
        0.4499776112197942
      ],
      "back_lower_left": [
        54.989001925932854,
        -1.099862526833393,
        -0.5499723736879776
      ],
      "back_lower_right": [
        55.000000276249295,
        -2.7495188428555206e-05,
        -0.5499723736879776
      ],
      "back_upper_left": [
        54.989001923311044,
        -1.0998625267809528,
        0.5499726359353039
      ],
      "back_upper_right": [
        55.00000027362696,
        -2.7495188427244267e-05,
        0.5499726359353039
      ]
    }
  },
  "T2": {
    "mode": "angular_sep_back_only",
    "center_xyz": [
      50.853553771972656,
      0.32248687744140625,
      1.1920928955078125e-07
    ],
    "target_distance_m": 50.85457628399863,
    "grade": "0",
    "r_min": 45.7691,
    "r_max": 55.94,
    "half_azimuth_deg": 0.563311,
    "half_elevation_low_deg": 0.563311,
    "half_elevation_up_deg": 0.563311,
    "corner_points_xyz": {
      "front_lower_left": [
        45.76662786538217,
        -0.15973732095409598,
        -0.44997814413407766
      ],
      "front_lower_right": [
        45.76092119831191,
        0.7401575926575741,
        -0.44997814413407766
      ],
      "front_upper_left": [
        45.766627863272575,
        -0.15973732094673296,
        0.4499783587004284
      ],
      "front_upper_right": [
        45.76092119620258,
        0.7401575926234568,
        0.4499783587004284
      ],
      "back_lower_left": [
        55.93698961324487,
        -0.19523450338833953,
        -0.5499732872749838
      ],
      "back_lower_right": [
        55.930014797936785,
        0.9046370576925905,
        -0.5499732872749838
      ],
      "back_upper_left": [
        55.93698961066648,
        -0.19523450337934029,
        0.5499735495227458
      ],
      "back_upper_right": [
        55.930014795358716,
        0.9046370576508918,
        0.5499735495227458
      ]
    }
  },
  "mixed_corners": {
    "type": "mixed_corners_frustum",
    "corner_points_xyz": {
      "front_lower_left": [
        45.76662786538217,
        -0.8998875219545944,
        -0.44997814413407766
      ],
      "front_lower_right": [
        45.76092119831191,
        0.7401575926575741,
        -0.44997814413407766
      ],
      "front_upper_left": [
        45.766627863272575,
        -0.8998875219116886,
        0.4499783587004284
      ],
      "front_upper_right": [
        45.76092119620258,
        0.7401575926234568,
        0.4499776112197942
      ],
      "back_lower_left": [
        54.989001925932854,
        -1.099862526833393,
        -0.5499732872749838
      ],
      "back_lower_right": [
        55.000000276249295,
        0.9046370576925905,
        -0.5499732872749838
      ],
      "back_upper_left": [
        54.989001923311044,
        -1.0998625267809528,
        0.5499735495227458
      ],
      "back_upper_right": [
        55.00000027362696,
        0.9046370576508918,
        0.5499735495227458
      ]
    }
  },
  "combined_single_cone": {
    "type": "combined_two_targets_single_cone",
    "los": {
      "azimuth_deg": -0.10480171719193933,
      "elevation_deg": 1.3545712347589735e-07
    },
    "alpha_deg": 1.0,
    "r_min_hint": 44.50224994375281,
    "r_max_hint": 56.7400339123985
  }
}