{
  "mode": "angular_sep_back_only",
  "center_xyz": [
    101.35355377197266,
    0.14620791375637054,
    1.1920928955078125e-07
  ],
  "target_distance_m": 101.35365922827945,
  "grade": "0",
  "r_min": 91.2183,
  "r_max": 111.489,
  "half_azimuth_deg": 0.28265,
  "half_elevation_low_deg": 0.28265,
  "half_elevation_up_deg": 0.28265,
  "corner_points_xyz": {
    "front_lower_left": [
      91.21662763474741,
      -0.31840466049680866,
      -0.4499944170622691
    ],
    "front_lower_right": [
      91.21532936963227,
      0.5815725006310748,
      -0.4499944170622691
    ],
    "front_upper_left": [
      91.21662763368889,
      -0.31840466049311367,
      0.44999463163637937
    ],
    "front_upper_right": [
      91.21532936857376,
      0.5815725006243259,
      0.44999463163637937
    ],
    "back_lower_left": [
      111.48698933135796,
      -0.3891612517183217,
      -0.54999317640944
    ],
    "back_lower_right": [
      111.4854025628839,
      0.7108108341046471,
      -0.54999317640944
    ],
    "back_upper_left": [
      111.48698933006419,
      -0.38916125171380567,
      0.5499934386666858
    ],
    "back_upper_right": [
      111.48540256159015,
      0.7108108340963983,
      0.5499934386666858
    ]
  }
}