{
  "T1": {
    "mode": "angular_sep_back_only",
    "center_xyz": [
      100.0,
      -0.5,
      1.1920928955078125e-07
    ],
    "target_distance_m": 100.0012499921876,
    "grade": "0",
    "r_min": 90.0011,
    "r_max": 110.0014,
    "half_azimuth_deg": 0.286473,
    "half_elevation_low_deg": 0.286473,
    "half_elevation_up_deg": 0.286473,
    "corner_points_xyz": {
      "front_lower_left": [
        89.99550019740174,
        -0.8999718763763899,
        -0.4499942679590632
      ],
      "front_lower_right": [
        90.00000002865984,
        -5.6247539181717535e-06,
        -0.4499942679590632
      ],
      "front_upper_left": [
        89.99550019632892,
        -0.8999718763656616,
        0.44999448253310237
      ],
      "front_upper_right": [
        90.00000002758698,
        -5.624753918104702e-06,
        0.44999448253310237
      ],
      "back_lower_left": [
        109.99450024126877,
        -1.0999656266822542,
        -0.5499929941721883
      ],
      "back_lower_right": [
        110.00000003502869,
        -6.874699233321031e-06,
        -0.5499929941721883
      ],
      "back_upper_left": [
        109.99450023995757,
        -1.0999656266691418,
        0.5499932564293473
      ],
      "back_upper_right": [
        110.00000003371743,
        -6.874699233239081e-06,
        0.5499932564293473
      ]
    }
  },
  "T2": {
    "mode": "angular_sep_back_only",
    "center_xyz": [
      101.35355377197266,
      0.14620791375637054,
      1.1920928955078125e-07
    ],
    "target_distance_m": 101.35365922827945,
    "grade": "0",
    "r_min": 91.2183,
    "r_max": 111.489,
    "half_azimuth_deg": 0.28265,
    "half_elevation_low_deg": 0.28265,
    "half_elevation_up_deg": 0.28265,
    "corner_points_xyz": {
      "front_lower_left": [
        91.21662763474741,
        -0.31840466049680866,
        -0.4499944170622691
      ],
      "front_lower_right": [
        91.21532936963227,
        0.5815725006310748,
        -0.4499944170622691
      ],
      "front_upper_left": [
        91.21662763368889,
        -0.31840466049311367,
        0.44999463163637937
      ],
      "front_upper_right": [
        91.21532936857376,
        0.5815725006243259,
        0.44999463163637937
      ],
      "back_lower_left": [
        111.48698933135796,
        -0.3891612517183217,
        -0.54999317640944
      ],
      "back_lower_right": [
        111.4854025628839,
        0.7108108341046471,
        -0.54999317640944
      ],
      "back_upper_left": [
        111.48698933006419,
        -0.38916125171380567,
        0.5499934386666858
      ],
      "back_upper_right": [
        111.48540256159015,
        0.7108108340963983,
        0.5499934386666858
      ]
    }
  },
  "mixed_corners": {
    "type": "mixed_corners_frustum",
    "corner_points_xyz": {
      "front_lower_left": [
        91.21662763474741,
        -0.8999718763763899,
        -0.4499944170622691
      ],
      "front_lower_right": [
        91.21532936963227,
        0.5815725006310748,
        -0.4499944170622691
      ],
      "front_upper_left": [
        91.21662763368889,
        -0.8999718763656616,
        0.44999463163637937
      ],
      "front_upper_right": [
        91.21532936857376,
        0.5815725006243259,
        0.44999448253310237
      ],
      "back_lower_left": [
        109.99450024126877,
        -1.0999656266822542,
        -0.54999317640944
      ],
      "back_lower_right": [
        110.00000003502869,
        0.7108108341046471,
        -0.54999317640944
      ],
      "back_upper_left": [
        109.99450023995757,
        -1.0999656266691418,
        0.5499934386666858
      ],
      "back_upper_right": [
        110.00000003371743,
        0.7108108340963983,
        0.5499934386666858
      ]
    }
  },
  "combined_single_cone": {
    "type": "combined_two_targets_single_cone",
    "los": {
      "azimuth_deg": -0.10191217298800281,
      "elevation_deg": 6.784570360953994e-08
    },
    "alpha_deg": 0.6013101180114622,
    "r_min_hint": 89.50112499296883,
    "r_max_hint": 112.2890251511074
  }
}