{
  "mode": "angular_sep_back_only",
  "center_xyz": [
    100.74124476384344,
    -0.19457739628880355,
    1.3112862290443061e-07
  ],
  "target_distance_m": 100.74143267261867,
  "grade": "0",
  "r_min": 89.9999877784626,
  "r_max": 111.49377205625785,
  "half_azimuth_deg": 0.286473,
  "half_elevation_low_deg": 0.286473,
  "half_elevation_up_deg": 0.286473,
  "corner_points_xyz": {
    "front_lower_left": [
      89.99550019632892,
      -1.0999656266822542,
      -0.54999317640944
    ],
    "front_lower_right": [
      89.99550019632892,
      0.7108108341046471,
      -0.54999317640944
    ],
    "front_upper_left": [
      89.99550019632892,
      -1.0999656266822542,
      0.5499934386666858
    ],
    "front_upper_right": [
      89.99550019632892,
      0.7108108341046471,
      0.5499934386666858
    ],
    "back_lower_left": [
      111.48698933135796,
      -1.0999656266822542,
      -0.54999317640944
    ],
    "back_lower_right": [
      111.48698933135796,
      0.7108108341046471,
      -0.54999317640944
    ],
    "back_upper_left": [
      111.48698933135796,
      -1.0999656266822542,
      0.5499934386666858
    ],
    "back_upper_right": [
      111.48698933135796,
      0.7108108341046471,
      0.5499934386666858
    ]
  }
}