{
  "target_distance_m": 60,
  "grade": "A",
  "r_min": 58.8,
  "r_max": 61.2,
  "delta_azimuth_deg": 0.6775,
  "delta_elevation_deg": 0.4775,
  "delta_elevation_top_deg": 0.6775,
  "corner_points_xyz": {
    "front_lower_left": [
      58.793848444942604,
      -0.6951990402563439,
      -0.4899829869971999
    ],
    "front_lower_right": [
      58.793848444942604,
      0.6951990402563439,
      -0.4899829869971999
    ],
    "front_upper_left": [
      58.79178001244571,
      -0.6951745823866057,
      0.6952231786928456
    ],
    "front_upper_right": [
      58.79178001244571,
      0.6951745823866057,
      0.6952231786928456
    ],
    "back_lower_left": [
      61.19359736106272,
      -0.7235745112872152,
      -0.5099822925889224
    ],
    "back_lower_right": [
      61.19359736106272,
      0.7235745112872152,
      -0.5099822925889224
    ],
    "back_upper_left": [
      61.191444502749626,
      -0.7235490551370795,
      0.723599634966023
    ],
    "back_upper_right": [
      61.191444502749626,
      0.7235490551370795,
      0.723599634966023
    ]
  }
}