{
  "target_distance_m": 90,
  "grade": "A",
  "r_min": 88.2,
  "r_max": 91.8,
  "delta_azimuth_deg": 0.5183,
  "delta_elevation_deg": 0.3183,
  "delta_elevation_top_deg": 0.5183,
  "corner_points_xyz": {
    "front_lower_left": [
      88.19503016739132,
      -0.797847844641574,
      -0.4899924384466405
    ],
    "front_lower_right": [
      88.19503016739132,
      0.797847844641574,
      -0.4899924384466405
    ],
    "front_upper_left": [
      88.19278253027042,
      -0.7978275116088731,
      0.7978601570133101
    ],
    "front_upper_right": [
      88.19278253027042,
      0.7978275116088731,
      0.7978601570133101
    ],
    "back_lower_left": [
      91.79482731708076,
      -0.8304130627902097,
      -0.5099921298118094
    ],
    "back_lower_right": [
      91.79482731708076,
      0.8304130627902097,
      -0.5099921298118094
    ],
    "back_upper_left": [
      91.79248793966921,
      -0.8303918998378066,
      0.8304258777077309
    ],
    "back_upper_right": [
      91.79248793966921,
      0.8303918998378066,
      0.8304258777077309
    ]
  }
}