{
  "target_distance_m": 10,
  "grade": "A",
  "r_min": 9.8,
  "r_max": 10.2,
  "delta_azimuth_deg": 3.0624,
  "delta_elevation_deg": 2.8624,
  "delta_elevation_top_deg": 3.0624,
  "corner_points_xyz": {
    "front_lower_left": [
      9.773795387384425,
      -0.5228981532384139,
      -0.489388646050144
    ],
    "front_lower_right": [
      9.773795387384425,
      0.5228981532384139,
      -0.489388646050144
    ],
    "front_upper_left": [
      9.772029996443186,
      -0.5228037048049927,
      0.523551367925626
    ],
    "front_upper_right": [
      9.772029996443186,
      0.5228037048049927,
      0.523551367925626
    ],
    "back_lower_left": [
      10.172725811359298,
      -0.5442409350032471,
      -0.5093636928277008
    ],
    "back_lower_right": [
      10.172725811359298,
      0.5442409350032471,
      -0.5093636928277008
    ],
    "back_upper_left": [
      10.170888363644947,
      -0.544142631531727,
      0.544920811514427
    ],
    "back_upper_right": [
      10.170888363644947,
      0.544142631531727,
      0.544920811514427
    ]
  }
}