{
  "target_distance_m": 30,
  "grade": "A",
  "r_min": 29.4,
  "r_max": 30.6,
  "delta_azimuth_deg": 1.1548,
  "delta_elevation_deg": 0.9548,
  "delta_elevation_top_deg": 1.1548,
  "corner_points_xyz": {
    "front_lower_left": [
      30.20805662371297,
      -0.824550546489462,
      -0.48993195861940386
    ],
    "front_lower_right": [
      29.1818899681793,
      -0.23209295168367983,
      -0.48993195861940386
    ],
    "front_upper_left": [
      30.207079203954738,
      -0.8261673328308261,
      0.592539874869342
    ],
    "front_upper_right": [
      29.1809785000143,
      -0.2337478151951522,
      0.592539874869342
    ],
    "back_lower_left": [
      30.82879362876248,
      0.20223359910416233,
      -0.5099291814201959
    ],
    "back_lower_right": [
      29.760742619941723,
      0.8188731365550785,
      -0.5099291814201959
    ],
    "back_upper_left": [
      30.827776314320236,
      0.20055082148355707,
      0.6167251758844172
    ],
    "back_upper_right": [
      29.75979394899448,
      0.8171507275941564,
      0.6167251758844172
    ]
  }
}