{
  "target_distance_m": 60,
  "grade": "A",
  "r_min": 58.8,
  "r_max": 61.2,
  "delta_azimuth_deg": 0.6775,
  "delta_elevation_deg": 0.4775,
  "delta_elevation_top_deg": 0.6775,
  "corner_points_xyz": {
    "front_lower_left": [
      58.71045061900759,
      -0.6951990402563439,
      0.17873806336694237
    ],
    "front_lower_right": [
      58.71045061900759,
      0.6951990402563439,
      0.17873806336694237
    ],
    "front_upper_left": [
      59.30126238676429,
      -0.6951745823866057,
      1.2061909278249159
    ],
    "front_upper_right": [
      59.30126238676429,
      0.6951745823866057,
      1.2061909278249159
    ],
    "back_lower_left": [
      60.778694490275925,
      -0.7235745112872152,
      -1.038456301393596
    ],
    "back_lower_right": [
      60.778694490275925,
      0.7235745112872152,
      -1.038456301393596
    ],
    "back_upper_left": [
      61.393621024063506,
      -0.7235490551370795,
      0.03093341467490973
    ],
    "back_upper_right": [
      61.393621024063506,
      0.7235490551370795,
      0.03093341467490973
    ]
  }
}