{
  "target_distance_m": 60.0,
  "width_m": 6.0,
  "extra_front_space_m": 3.0,
  "z_bottom_m": -1.038456301393596,
  "z_top_m": 98.9615436986064,
  "frame_rate_hz": 10.0,
  "frame_dt": 0.1,
  "corner_points_xyz": {
    "front_bottom_left": [
      63.0,
      -3.0,
      -1.038456301393596
    ],
    "front_bottom_right": [
      63.0,
      3.0,
      -1.038456301393596
    ],
    "front_top_left": [
      63.0,
      -3.0,
      98.9615436986064
    ],
    "front_top_right": [
      63.0,
      3.0,
      98.9615436986064
    ],
    "back_bottom_left": [
      0.0,
      -3.0,
      -1.038456301393596
    ],
    "back_bottom_right": [
      0.0,
      3.0,
      -1.038456301393596
    ],
    "back_top_left": [
      0.0,
      -3.0,
      98.9615436986064
    ],
    "back_top_right": [
      0.0,
      3.0,
      98.9615436986064
    ]
  }
}