{
  "T1": {
    "mode": "angular_sep_back_only",
    "center_xyz": [
      10.0,
      -0.5,
      1.1920928955078125e-07
    ],
    "target_distance_m": 10.012492197250394,
    "grade": "0",
    "r_min": 9.0112,
    "r_max": 11.0137,
    "half_azimuth_deg": 2.85884,
    "half_elevation_low_deg": 2.85884,
    "half_elevation_up_deg": 2.85884,
    "corner_points_xyz": {
      "front_lower_left": [
        8.955195918315633,
        -0.8972011436939054,
        -0.44943984284595995
      ],
      "front_lower_right": [
        9.000027972956842,
        -0.0005600508697183712,
        -0.44943984284595995
      ],
      "front_upper_left": [
        8.955195907666829,
        -0.8972011426270254,
        0.4494400571556285
      ],
      "front_upper_right": [
        9.000027962254727,
        -0.0005600508690524035,
        0.4494400571556285
      ],
      "back_lower_left": [
        10.945239455719106,
        -1.0965791756258843,
        -0.5493153634783955
      ],
      "back_lower_right": [
        11.000034189169472,
        -0.000684506618544676,
        -0.5493153634783955
      ],
      "back_upper_left": [
        10.945239442703903,
        -1.09657917432192,
        0.5493156254124348
      ],
      "back_upper_right": [
        11.00003417608911,
        -0.0006845066177307153,
        0.5493156254124348
      ]
    }
  },
  "T2": {
    "mode": "angular_sep_back_only",
    "center_xyz": [
      10.853553771972656,
      0.46211379766464233,
      1.1920928955078125e-07
    ],
    "target_distance_m": 10.863387070481007,
    "grade": "0",
    "r_min": 9.777,
    "r_max": 11.9497,
    "half_azimuth_deg": 2.635245,
    "half_elevation_low_deg": 2.635245,
    "half_elevation_up_deg": 2.635245,
    "corner_points_xyz": {
      "front_lower_left": [
        9.766651044680168,
        -0.03361903322709328,
        -0.44952400709939155
      ],
      "front_lower_right": [
        9.728447192870181,
        0.8636654928174686,
        -0.44952400709939155
      ],
      "front_upper_left": [
        9.76665103481453,
        -0.03361903319313351,
        0.44952422144919285
      ],
      "front_upper_right": [
        9.728447183043134,
        0.8636654919450497,
        0.44952422144919285
      ],
      "back_lower_left": [
        11.937017943497986,
        -0.041089929499780686,
        -0.5494182308992565
      ],
      "back_lower_right": [
        11.890324346841336,
        1.0555911578880175,
        -0.5494182308992565
      ],
      "back_upper_left": [
        11.937017931439982,
        -0.0410899294582743,
        0.5494184928823469
      ],
      "back_upper_right": [
        11.890324334830497,
        1.0555911568217275,
        0.5494184928823469
      ]
    }
  },
  "mixed_corners": {
    "type": "mixed_corners_frustum",
    "corner_points_xyz": {
      "front_lower_left": [
        9.766651044680168,
        -0.8972011436939054,
        -0.44952400709939155
      ],
      "front_lower_right": [
        9.728447192870181,
        0.8636654928174686,
        -0.44952400709939155
      ],
      "front_upper_left": [
        9.76665103481453,
        -0.8972011426270254,
        0.44952422144919285
      ],
      "front_upper_right": [
        9.728447183043134,
        0.8636654919450497,
        0.4494400571556285
      ],
      "back_lower_left": [
        10.945239455719106,
        -1.0965791756258843,
        -0.5494182308992565
      ],
      "back_lower_right": [
        11.000034189169472,
        1.0555911578880175,
        -0.5494182308992565
      ],
      "back_upper_left": [
        10.945239442703903,
        -1.09657917432192,
        0.5494184928823469
      ],
      "back_upper_right": [
        11.00003417608911,
        1.0555911568217275,
        0.5494184928823469
      ]
    }
  },
  "combined_single_cone": {
    "type": "combined_two_targets_single_cone",
    "los": {
      "azimuth_deg": -0.21219228814261376,
      "elevation_deg": 6.561525558686888e-07
    },
    "alpha_deg": 1.0,
    "r_min_hint": 8.511242977525352,
    "r_max_hint": 12.74972577752911
  }
}