{
  "mode": "angular_sep_back_only",
  "center_xyz": [
    10.446106925582407,
    -0.020494008868933378,
    1.3099154522189238e-07
  ],
  "target_distance_m": 10.446127028956726,
  "grade": "0",
  "r_min": 9.03391757930902,
  "r_max": 11.999864330571839,
  "half_azimuth_deg": 2.85884,
  "half_elevation_low_deg": 2.85884,
  "half_elevation_up_deg": 2.85884,
  "corner_points_xyz": {
    "front_lower_left": [
      8.955195907666829,
      -1.0965791756258843,
      -0.5494182308992565
    ],
    "front_lower_right": [
      8.955195907666829,
      1.0555911578880175,
      -0.5494182308992565
    ],
    "front_upper_left": [
      8.955195907666829,
      -1.0965791756258843,
      0.5494184928823469
    ],
    "front_upper_right": [
      8.955195907666829,
      1.0555911578880175,
      0.5494184928823469
    ],
    "back_lower_left": [
      11.937017943497986,
      -1.0965791756258843,
      -0.5494182308992565
    ],
    "back_lower_right": [
      11.937017943497986,
      1.0555911578880175,
      -0.5494182308992565
    ],
    "back_upper_left": [
      11.937017943497986,
      -1.0965791756258843,
      0.5494184928823469
    ],
    "back_upper_right": [
      11.937017943497986,
      1.0555911578880175,
      0.5494184928823469
    ]
  }
}