{
  "mode": "angular_sep_back_only",
  "center_xyz": [
    10.853553771972656,
    0.46211379766464233,
    1.1920928955078125e-07
  ],
  "target_distance_m": 10.863387070481007,
  "grade": "0",
  "r_min": 9.777,
  "r_max": 11.9497,
  "half_azimuth_deg": 2.635245,
  "half_elevation_low_deg": 2.635245,
  "half_elevation_up_deg": 2.635245,
  "corner_points_xyz": {
    "front_lower_left": [
      9.766651044680168,
      -0.03361903322709328,
      -0.44952400709939155
    ],
    "front_lower_right": [
      9.728447192870181,
      0.8636654928174686,
      -0.44952400709939155
    ],
    "front_upper_left": [
      9.76665103481453,
      -0.03361903319313351,
      0.44952422144919285
    ],
    "front_upper_right": [
      9.728447183043134,
      0.8636654919450497,
      0.44952422144919285
    ],
    "back_lower_left": [
      11.937017943497986,
      -0.041089929499780686,
      -0.5494182308992565
    ],
    "back_lower_right": [
      11.890324346841336,
      1.0555911578880175,
      -0.5494182308992565
    ],
    "back_upper_left": [
      11.937017931439982,
      -0.0410899294582743,
      0.5494184928823469
    ],
    "back_upper_right": [
      11.890324334830497,
      1.0555911568217275,
      0.5494184928823469
    ]
  }
}