{
  "target_distance_m": 30,
  "grade": "A",
  "r_min": 29.4,
  "r_max": 30.6,
  "delta_azimuth_deg": 1.1548,
  "delta_elevation_deg": 0.9548,
  "delta_elevation_top_deg": 1.1548,
  "corner_points_xyz": {
    "front_lower_left": [
      29.38994659189227,
      -0.5924575948057821,
      -0.48993195861940386
    ],
    "front_lower_right": [
      29.38994659189227,
      0.5924575948057821,
      -0.48993195861940386
    ],
    "front_upper_left": [
      29.38805770396904,
      -0.5924195176356738,
      0.592539874869342
    ],
    "front_upper_right": [
      29.38805770396904,
      0.5924195176356738,
      0.592539874869342
    ],
    "back_lower_left": [
      30.589536248704203,
      -0.6166395374509162,
      -0.5099291814201959
    ],
    "back_lower_right": [
      30.589536248704203,
      0.6166395374509162,
      -0.5099291814201959
    ],
    "back_upper_left": [
      30.587570263314717,
      -0.6165999061105992,
      0.6167251758844172
    ],
    "back_upper_right": [
      30.587570263314717,
      0.6165999061105992,
      0.6167251758844172
    ]
  }
}