{
  "target_distance_m": 20,
  "grade": "A",
  "r_min": 19.6,
  "r_max": 20.4,
  "delta_azimuth_deg": 1.6321,
  "delta_elevation_deg": 1.4321,
  "delta_elevation_top_deg": 1.6321,
  "corner_points_xyz": {
    "front_lower_left": [
      19.396480491604972,
      -0.5580649918707833,
      -0.21718438249102787
    ],
    "front_lower_right": [
      19.396480491604972,
      0.5580649918707833,
      -0.21718438249102787
    ],
    "front_upper_left": [
      19.91894010411553,
      -0.5580128916890361,
      0.691399242176573
    ],
    "front_upper_right": [
      19.91894010411553,
      0.5580128916890361,
      0.691399242176573
    ],
    "back_lower_left": [
      20.078806555576143,
      -0.5808431548042846,
      -0.6342123164702514
    ],
    "back_lower_right": [
      20.078806555576143,
      0.5808431548042846,
      -0.6342123164702514
    ],
    "back_upper_left": [
      20.622591050229993,
      -0.5807889280845069,
      0.31145635410214734
    ],
    "back_upper_right": [
      20.622591050229993,
      0.5807889280845069,
      0.31145635410214734
    ]
  }
}