{
  "target_distance_m": 10,
  "grade": "A",
  "r_min": 9.8,
  "r_max": 10.2,
  "delta_azimuth_deg": 3.0624,
  "delta_elevation_deg": 2.8624,
  "delta_elevation_top_deg": 3.0624,
  "corner_points_xyz": {
    "front_lower_left": [
      10.339740777988647,
      -0.4573480175975131,
      -0.489388646050144
    ],
    "front_lower_right": [
      9.434054609395778,
      0.06555013564090098,
      -0.489388646050144
    ],
    "front_upper_left": [
      10.338776287775337,
      -0.45882966678352655,
      0.523551367925626
    ],
    "front_upper_right": [
      9.433253708667849,
      0.06397403802146631,
      0.523551367925626
    ],
    "back_lower_left": [
      10.557689381171857,
      -0.12253552697519299,
      -0.5093636928277008
    ],
    "back_lower_right": [
      9.615036430187441,
      0.42170540802805423,
      -0.5093636928277008
    ],
    "back_upper_left": [
      10.556685524011064,
      -0.1240776516381866,
      0.544920811514427
    ],
    "back_upper_right": [
      9.614202839633883,
      0.4200649798935405,
      0.544920811514427
    ]
  }
}