{
  "target_distance_m": 80.0,
  "width_m": 6.0,
  "extra_front_space_m": 3.0,
  "z_bottom_m": -1.2389320028163473,
  "z_top_m": 98.76106799718366,
  "frame_rate_hz": 10.0,
  "frame_dt": 0.1,
  "corner_points_xyz": {
    "front_bottom_left": [
      83.0,
      -3.0,
      -1.2389320028163473
    ],
    "front_bottom_right": [
      83.0,
      3.0,
      -1.2389320028163473
    ],
    "front_top_left": [
      83.0,
      -3.0,
      98.76106799718366
    ],
    "front_top_right": [
      83.0,
      3.0,
      98.76106799718366
    ],
    "back_bottom_left": [
      0.0,
      -3.0,
      -1.2389320028163473
    ],
    "back_bottom_right": [
      0.0,
      3.0,
      -1.2389320028163473
    ],
    "back_top_left": [
      0.0,
      -3.0,
      98.76106799718366
    ],
    "back_top_right": [
      0.0,
      3.0,
      98.76106799718366
    ]
  }
}