{
  "mode": "angular_sep_back_only",
  "center_xyz": [
    50.738995589030694,
    -0.09857155313693589,
    1.311240037660255e-07
  ],
  "target_distance_m": 50.73909133729893,
  "grade": "0",
  "r_min": 45.003417605030705,
  "r_max": 56.50037312816699,
  "half_azimuth_deg": 0.57291,
  "half_elevation_low_deg": 0.57291,
  "half_elevation_up_deg": 0.57291,
  "corner_points_xyz": {
    "front_lower_left": [
      44.99100157361813,
      -1.099862526833393,
      -0.5499738023064614
    ],
    "front_lower_right": [
      44.99100157361813,
      0.9027194205595213,
      -0.5499738023064614
    ],
    "front_upper_left": [
      44.99100157361813,
      -1.099862526833393,
      0.549974064554469
    ],
    "front_upper_right": [
      44.99100157361813,
      0.9027194205595213,
      0.549974064554469
    ],
    "back_lower_left": [
      56.48698960444325,
      -1.099862526833393,
      -0.5499738023064614
    ],
    "back_lower_right": [
      56.48698960444325,
      0.9027194205595213,
      -0.5499738023064614
    ],
    "back_upper_left": [
      56.48698960444325,
      -1.099862526833393,
      0.549974064554469
    ],
    "back_upper_right": [
      56.48698960444325,
      0.9027194205595213,
      0.549974064554469
    ]
  }
}