{
  "mode": "angular_sep_back_only",
  "center_xyz": [
    51.353553771972656,
    0.32074156403541565,
    1.1920928955078125e-07
  ],
  "target_distance_m": 51.35455539834599,
  "grade": "0",
  "r_min": 46.2191,
  "r_max": 56.49,
  "half_azimuth_deg": 0.557828,
  "half_elevation_low_deg": 0.557828,
  "half_elevation_up_deg": 0.557828,
  "corner_points_xyz": {
    "front_lower_left": [
      46.216627858180836,
      -0.16130852438641077,
      -0.4499785655234684
    ],
    "front_lower_right": [
      46.21100732376128,
      0.7385886168214264,
      -0.4499785655234684
    ],
    "front_upper_left": [
      46.216627856091776,
      -0.16130852437911938,
      0.44997878009002
    ],
    "front_upper_right": [
      46.21100732167247,
      0.7385886167880411,
      0.44997878009002
    ],
    "back_lower_left": [
      56.48698960444325,
      -0.1971548631389465,
      -0.5499738023064614
    ],
    "back_lower_right": [
      56.4801200623749,
      0.9027194205595213,
      -0.5499738023064614
    ],
    "back_upper_left": [
      56.48698960188996,
      -0.19715486313003483,
      0.549974064554469
    ],
    "back_upper_right": [
      56.48012005982192,
      0.9027194205187171,
      0.549974064554469
    ]
  }
}