{
  "T1": {
    "mode": "angular_sep_back_only",
    "center_xyz": [
      50.0,
      -0.5,
      1.1920928955078125e-07
    ],
    "target_distance_m": 50.002499937503124,
    "grade": "0",
    "r_min": 45.0022,
    "r_max": 55.0027,
    "half_azimuth_deg": 0.57291,
    "half_elevation_low_deg": 0.57291,
    "half_elevation_up_deg": 0.57291,
    "corner_points_xyz": {
      "front_lower_left": [
        44.99100157576325,
        -0.8998875219545944,
        -0.44997739665379993
      ],
      "front_lower_right": [
        45.00000022602216,
        -2.2496063259726992e-05,
        -0.44997739665379993
      ],
      "front_upper_left": [
        44.99100157361813,
        -0.8998875219116886,
        0.4499776112197942
      ],
      "front_upper_right": [
        45.000000223876604,
        -2.24960632586544e-05,
        0.4499776112197942
      ],
      "back_lower_left": [
        54.989001925932854,
        -1.099862526833393,
        -0.5499723736879776
      ],
      "back_lower_right": [
        55.000000276249295,
        -2.7495188428555206e-05,
        -0.5499723736879776
      ],
      "back_upper_left": [
        54.989001923311044,
        -1.0998625267809528,
        0.5499726359353039
      ],
      "back_upper_right": [
        55.00000027362696,
        -2.7495188427244267e-05,
        0.5499726359353039
      ]
    }
  },
  "T2": {
    "mode": "angular_sep_back_only",
    "center_xyz": [
      51.353553771972656,
      0.32074156403541565,
      1.1920928955078125e-07
    ],
    "target_distance_m": 51.35455539834599,
    "grade": "0",
    "r_min": 46.2191,
    "r_max": 56.49,
    "half_azimuth_deg": 0.557828,
    "half_elevation_low_deg": 0.557828,
    "half_elevation_up_deg": 0.557828,
    "corner_points_xyz": {
      "front_lower_left": [
        46.216627858180836,
        -0.16130852438641077,
        -0.4499785655234684
      ],
      "front_lower_right": [
        46.21100732376128,
        0.7385886168214264,
        -0.4499785655234684
      ],
      "front_upper_left": [
        46.216627856091776,
        -0.16130852437911938,
        0.44997878009002
      ],
      "front_upper_right": [
        46.21100732167247,
        0.7385886167880411,
        0.44997878009002
      ],
      "back_lower_left": [
        56.48698960444325,
        -0.1971548631389465,
        -0.5499738023064614
      ],
      "back_lower_right": [
        56.4801200623749,
        0.9027194205595213,
        -0.5499738023064614
      ],
      "back_upper_left": [
        56.48698960188996,
        -0.19715486313003483,
        0.549974064554469
      ],
      "back_upper_right": [
        56.48012005982192,
        0.9027194205187171,
        0.549974064554469
      ]
    }
  },
  "mixed_corners": {
    "type": "mixed_corners_frustum",
    "corner_points_xyz": {
      "front_lower_left": [
        46.216627858180836,
        -0.8998875219545944,
        -0.4499785655234684
      ],
      "front_lower_right": [
        46.21100732376128,
        0.7385886168214264,
        -0.4499785655234684
      ],
      "front_upper_left": [
        46.216627856091776,
        -0.8998875219116886,
        0.44997878009002
      ],
      "front_upper_right": [
        46.21100732167247,
        0.7385886167880411,
        0.4499776112197942
      ],
      "back_lower_left": [
        54.989001925932854,
        -1.099862526833393,
        -0.5499738023064614
      ],
      "back_lower_right": [
        55.000000276249295,
        0.9027194205595213,
        -0.5499738023064614
      ],
      "back_upper_left": [
        54.989001923311044,
        -1.0998625267809528,
        0.549974064554469
      ],
      "back_upper_right": [
        55.00000027362696,
        0.9027194205187171,
        0.549974064554469
      ]
    }
  },
  "combined_single_cone": {
    "type": "combined_two_targets_single_cone",
    "los": {
      "azimuth_deg": -0.10754405907156171,
      "elevation_deg": 1.3480324808096353e-07
    },
    "alpha_deg": 1.0,
    "r_min_hint": 44.50224994375281,
    "r_max_hint": 57.29001093818059
  }
}