{
  "target_distance_m": 50.0,
  "width_m": 6.0,
  "extra_front_space_m": 3.0,
  "z_bottom_m": -0.9380557626123106,
  "z_top_m": 99.06194423738769,
  "frame_rate_hz": 10.0,
  "frame_dt": 0.1,
  "corner_points_xyz": {
    "front_bottom_left": [
      53.0,
      -3.0,
      -0.9380557626123106
    ],
    "front_bottom_right": [
      53.0,
      3.0,
      -0.9380557626123106
    ],
    "front_top_left": [
      53.0,
      -3.0,
      99.06194423738769
    ],
    "front_top_right": [
      53.0,
      3.0,
      99.06194423738769
    ],
    "back_bottom_left": [
      0.0,
      -3.0,
      -0.9380557626123106
    ],
    "back_bottom_right": [
      0.0,
      3.0,
      -0.9380557626123106
    ],
    "back_top_left": [
      0.0,
      -3.0,
      99.06194423738769
    ],
    "back_top_right": [
      0.0,
      3.0,
      99.06194423738769
    ]
  }
}