{
  "target_distance_m": 50,
  "grade": "A",
  "r_min": 49.0,
  "r_max": 51.0,
  "delta_azimuth_deg": 0.7729,
  "delta_elevation_deg": 0.5729,
  "delta_elevation_top_deg": 0.7729,
  "corner_points_xyz": {
    "front_lower_left": [
      48.88300412258498,
      -0.6609728368145987,
      0.07912289474503653
    ],
    "front_lower_right": [
      48.88300412258498,
      0.6609728368145987,
      0.07912289474503653
    ],
    "front_upper_left": [
      49.45675526459794,
      -0.6609457376842032,
      1.0769063450746477
    ],
    "front_upper_right": [
      49.45675526459794,
      0.6609457376842032,
      1.0769063450746477
    ],
    "back_lower_left": [
      50.604811237352614,
      -0.6879513199498885,
      -0.9380557626123106
    ],
    "back_lower_right": [
      50.604811237352614,
      0.6879513199498885,
      -0.9380557626123106
    ],
    "back_upper_left": [
      51.201980793325276,
      -0.6879231147325379,
      0.10045354283279823
    ],
    "back_upper_right": [
      51.201980793325276,
      0.6879231147325379,
      0.10045354283279823
    ]
  }
}