{
  "target_distance_m": 70,
  "grade": "A",
  "r_min": 68.6,
  "r_max": 71.4,
  "delta_azimuth_deg": 0.6092,
  "delta_elevation_deg": 0.4092,
  "delta_elevation_top_deg": 0.6092,
  "corner_points_xyz": {
    "front_lower_left": [
      68.5943719332772,
      -0.7294184866077568,
      -0.48998750047829603
    ],
    "front_lower_right": [
      68.5943719332772,
      0.7294184866077568,
      -0.48998750047829603
    ],
    "front_upper_left": [
      68.59224375402214,
      -0.7293958559859183,
      0.7294370939848751
    ],
    "front_upper_right": [
      68.59224375402214,
      0.7293958559859183,
      0.7294370939848751
    ],
    "back_lower_left": [
      71.39414221626814,
      -0.7591906697346041,
      -0.5099869902937367
    ],
    "back_lower_right": [
      71.39414221626814,
      0.7591906697346041,
      -0.5099869902937367
    ],
    "back_upper_left": [
      71.39192717255365,
      -0.759167115413915,
      0.7592100365965028
    ],
    "back_upper_right": [
      71.39192717255365,
      0.759167115413915,
      0.7592100365965028
    ]
  }
}