{
  "target_distance_m": 30.0,
  "width_m": 6.0,
  "extra_front_space_m": 3.0,
  "z_bottom_m": -0.7363797495929949,
  "z_top_m": 99.263620250407,
  "frame_rate_hz": 10.0,
  "frame_dt": 0.1,
  "corner_points_xyz": {
    "front_bottom_left": [
      33.0,
      -3.0,
      -0.7363797495929949
    ],
    "front_bottom_right": [
      33.0,
      3.0,
      -0.7363797495929949
    ],
    "front_top_left": [
      33.0,
      -3.0,
      99.263620250407
    ],
    "front_top_right": [
      33.0,
      3.0,
      99.263620250407
    ],
    "back_bottom_left": [
      0.0,
      -3.0,
      -0.7363797495929949
    ],
    "back_bottom_right": [
      0.0,
      3.0,
      -0.7363797495929949
    ],
    "back_top_left": [
      0.0,
      -3.0,
      99.263620250407
    ],
    "back_top_right": [
      0.0,
      3.0,
      99.263620250407
    ]
  }
}