{
  "target_distance_m": 80,
  "grade": "A",
  "r_min": 78.4,
  "r_max": 81.6,
  "delta_azimuth_deg": 0.5581,
  "delta_elevation_deg": 0.3581,
  "delta_elevation_top_deg": 0.5581,
  "corner_points_xyz": {
    "front_lower_left": [
      78.39474964626925,
      -0.7636342562427236,
      -0.4899904299678712
    ],
    "front_lower_right": [
      78.39474964626925,
      0.7636342562427236,
      -0.4899904299678712
    ],
    "front_upper_left": [
      78.39256173397823,
      -0.7636129440402787,
      0.763649170828642
    ],
    "front_upper_right": [
      78.39256173397823,
      0.7636129440402787,
      0.763649170828642
    ],
    "back_lower_left": [
      81.59453534611697,
      -0.7948030013954878,
      -0.5099900393543149
    ],
    "back_lower_right": [
      81.59453534611697,
      0.7948030013954878,
      -0.5099900393543149
    ],
    "back_upper_left": [
      81.59225813128346,
      -0.7947808193072288,
      0.7948185247400151
    ],
    "back_upper_right": [
      81.59225813128346,
      0.7947808193072288,
      0.7948185247400151
    ]
  }
}