{
  "target_distance_m": 30.0,
  "width_m": 6.0,
  "extra_front_space_m": 3.0,
  "z_bottom_m": -0.5099291814201959,
  "z_top_m": 99.49007081857981,
  "frame_rate_hz": 10.0,
  "frame_dt": 0.1,
  "corner_points_xyz": {
    "front_bottom_left": [
      33.0,
      -3.0,
      -0.5099291814201959
    ],
    "front_bottom_right": [
      33.0,
      3.0,
      -0.5099291814201959
    ],
    "front_top_left": [
      33.0,
      -3.0,
      99.49007081857981
    ],
    "front_top_right": [
      33.0,
      3.0,
      99.49007081857981
    ],
    "back_bottom_left": [
      0.0,
      -3.0,
      -0.5099291814201959
    ],
    "back_bottom_right": [
      0.0,
      3.0,
      -0.5099291814201959
    ],
    "back_top_left": [
      0.0,
      -3.0,
      99.49007081857981
    ],
    "back_top_right": [
      0.0,
      3.0,
      99.49007081857981
    ]
  }
}