{
  "target_distance_m": 70.0,
  "width_m": 6.0,
  "extra_front_space_m": 3.0,
  "z_bottom_m": -1.1387327973280121,
  "z_top_m": 98.86126720267198,
  "frame_rate_hz": 10.0,
  "frame_dt": 0.1,
  "corner_points_xyz": {
    "front_bottom_left": [
      73.0,
      -3.0,
      -1.1387327973280121
    ],
    "front_bottom_right": [
      73.0,
      3.0,
      -1.1387327973280121
    ],
    "front_top_left": [
      73.0,
      -3.0,
      98.86126720267198
    ],
    "front_top_right": [
      73.0,
      3.0,
      98.86126720267198
    ],
    "back_bottom_left": [
      0.0,
      -3.0,
      -1.1387327973280121
    ],
    "back_bottom_right": [
      0.0,
      3.0,
      -1.1387327973280121
    ],
    "back_top_left": [
      0.0,
      -3.0,
      98.86126720267198
    ],
    "back_top_right": [
      0.0,
      3.0,
      98.86126720267198
    ]
  }
}