{
  "target_distance_m": 70,
  "grade": "A",
  "r_min": 68.6,
  "r_max": 71.4,
  "delta_azimuth_deg": 0.6092,
  "delta_elevation_deg": 0.4092,
  "delta_elevation_top_deg": 0.6092,
  "corner_points_xyz": {
    "front_lower_left": [
      68.5376966357065,
      -0.7294184866077568,
      0.27847241041035475
    ],
    "front_lower_right": [
      68.5376966357065,
      0.7294184866077568,
      0.27847241041035475
    ],
    "front_upper_left": [
      69.14556587563939,
      -0.7293958559859183,
      1.3355891768425314
    ],
    "front_upper_right": [
      69.14556587563939,
      0.7293958559859183,
      1.3355891768425314
    ],
    "back_lower_left": [
      70.95236908062968,
      -0.7591906697346041,
      -1.1387327973280121
    ],
    "back_lower_right": [
      70.95236908062968,
      0.7591906697346041,
      -1.1387327973280121
    ],
    "back_upper_left": [
      71.58504930994756,
      -0.759167115413915,
      -0.038468407776140245
    ],
    "back_upper_right": [
      71.58504930994756,
      0.759167115413915,
      -0.038468407776140245
    ]
  }
}