{
  "target_distance_m": 30,
  "grade": "A",
  "r_min": 29.4,
  "r_max": 30.6,
  "delta_azimuth_deg": 1.1548,
  "delta_elevation_deg": 0.9548,
  "delta_elevation_top_deg": 1.1548,
  "corner_points_xyz": {
    "front_lower_left": [
      29.226712271603727,
      -0.5924575948057821,
      -0.1192668182364045
    ],
    "front_lower_right": [
      29.226712271603727,
      0.5924575948057821,
      -0.1192668182364045
    ],
    "front_upper_left": [
      29.766312363421683,
      -0.5924195176356738,
      0.8191257324075829
    ],
    "front_upper_right": [
      29.766312363421683,
      0.5924195176356738,
      0.8191257324075829
    ],
    "back_lower_left": [
      30.255588777119524,
      -0.6166395374509162,
      -0.7363797495929949
    ],
    "back_lower_right": [
      30.255588777119524,
      0.6166395374509162,
      -0.7363797495929949
    ],
    "back_upper_left": [
      30.817213362481066,
      -0.6165999061105992,
      0.24031453781197293
    ],
    "back_upper_right": [
      30.817213362481066,
      0.6165999061105992,
      0.24031453781197293
    ]
  }
}