{
  "mode": "angular_sep_back_only",
  "center_xyz": [
    100.40355682373047,
    0.14952406287193298,
    1.1920928955078125e-07
  ],
  "target_distance_m": 100.40366816158387,
  "grade": "0",
  "r_min": 90.3633,
  "r_max": 110.444,
  "half_azimuth_deg": 0.285325,
  "half_elevation_low_deg": 0.285325,
  "half_elevation_up_deg": 0.285325,
  "corner_points_xyz": {
    "front_lower_left": [
      90.36163038243657,
      -0.3154200221896554,
      -0.4499943129559165
    ],
    "front_lower_right": [
      90.36029010949797,
      0.5845566609385503,
      -0.4499943129559165
    ],
    "front_upper_left": [
      90.36163038136803,
      -0.3154200221859255,
      0.44999452752997704
    ],
    "front_upper_right": [
      90.36029010842942,
      0.5845566609316377,
      0.44999452752997704
    ],
    "back_lower_left": [
      110.44199268964469,
      -0.38551336045402324,
      -0.5499930491683424
    ],
    "back_lower_right": [
      110.44035457827528,
      0.7144581411471169,
      -0.5499930491683424
    ],
    "back_upper_left": [
      110.44199268833869,
      -0.38551336044946444,
      0.5499933114255274
    ],
    "back_upper_right": [
      110.44035457696928,
      0.7144581411386682,
      0.5499933114255274
    ]
  }
}