{
  "mode": "angular_sep_back_only",
  "center_xyz": [
    100.0,
    -0.5,
    1.1920928955078125e-07
  ],
  "target_distance_m": 100.0012499921876,
  "grade": "0",
  "r_min": 90.0011,
  "r_max": 110.0014,
  "half_azimuth_deg": 0.286473,
  "half_elevation_low_deg": 0.286473,
  "half_elevation_up_deg": 0.286473,
  "corner_points_xyz": {
    "front_lower_left": [
      89.99550019740174,
      -0.8999718763763899,
      -0.4499942679590632
    ],
    "front_lower_right": [
      90.00000002865984,
      -5.6247539181717535e-06,
      -0.4499942679590632
    ],
    "front_upper_left": [
      89.99550019632892,
      -0.8999718763656616,
      0.44999448253310237
    ],
    "front_upper_right": [
      90.00000002758698,
      -5.624753918104702e-06,
      0.44999448253310237
    ],
    "back_lower_left": [
      109.99450024126877,
      -1.0999656266822542,
      -0.5499929941721883
    ],
    "back_lower_right": [
      110.00000003502869,
      -6.874699233321031e-06,
      -0.5499929941721883
    ],
    "back_upper_left": [
      109.99450023995757,
      -1.0999656266691418,
      0.5499932564293473
    ],
    "back_upper_right": [
      110.00000003371743,
      -6.874699233239081e-06,
      0.5499932564293473
    ]
  }
}