{
  "T1": {
    "mode": "angular_sep_back_only",
    "center_xyz": [
      100.0,
      -0.5,
      1.1920928955078125e-07
    ],
    "target_distance_m": 100.0012499921876,
    "grade": "0",
    "r_min": 90.0011,
    "r_max": 110.0014,
    "half_azimuth_deg": 0.286473,
    "half_elevation_low_deg": 0.286473,
    "half_elevation_up_deg": 0.286473,
    "corner_points_xyz": {
      "front_lower_left": [
        89.99550019740174,
        -0.8999718763763899,
        -0.4499942679590632
      ],
      "front_lower_right": [
        90.00000002865984,
        -5.6247539181717535e-06,
        -0.4499942679590632
      ],
      "front_upper_left": [
        89.99550019632892,
        -0.8999718763656616,
        0.44999448253310237
      ],
      "front_upper_right": [
        90.00000002758698,
        -5.624753918104702e-06,
        0.44999448253310237
      ],
      "back_lower_left": [
        109.99450024126877,
        -1.0999656266822542,
        -0.5499929941721883
      ],
      "back_lower_right": [
        110.00000003502869,
        -6.874699233321031e-06,
        -0.5499929941721883
      ],
      "back_upper_left": [
        109.99450023995757,
        -1.0999656266691418,
        0.5499932564293473
      ],
      "back_upper_right": [
        110.00000003371743,
        -6.874699233239081e-06,
        0.5499932564293473
      ]
    }
  },
  "T2": {
    "mode": "angular_sep_back_only",
    "center_xyz": [
      100.40355682373047,
      0.14952406287193298,
      1.1920928955078125e-07
    ],
    "target_distance_m": 100.40366816158387,
    "grade": "0",
    "r_min": 90.3633,
    "r_max": 110.444,
    "half_azimuth_deg": 0.285325,
    "half_elevation_low_deg": 0.285325,
    "half_elevation_up_deg": 0.285325,
    "corner_points_xyz": {
      "front_lower_left": [
        90.36163038243657,
        -0.3154200221896554,
        -0.4499943129559165
      ],
      "front_lower_right": [
        90.36029010949797,
        0.5845566609385503,
        -0.4499943129559165
      ],
      "front_upper_left": [
        90.36163038136803,
        -0.3154200221859255,
        0.44999452752997704
      ],
      "front_upper_right": [
        90.36029010842942,
        0.5845566609316377,
        0.44999452752997704
      ],
      "back_lower_left": [
        110.44199268964469,
        -0.38551336045402324,
        -0.5499930491683424
      ],
      "back_lower_right": [
        110.44035457827528,
        0.7144581411471169,
        -0.5499930491683424
      ],
      "back_upper_left": [
        110.44199268833869,
        -0.38551336044946444,
        0.5499933114255274
      ],
      "back_upper_right": [
        110.44035457696928,
        0.7144581411386682,
        0.5499933114255274
      ]
    }
  },
  "mixed_corners": {
    "type": "mixed_corners_frustum",
    "corner_points_xyz": {
      "front_lower_left": [
        90.36163038243657,
        -0.8999718763763899,
        -0.4499943129559165
      ],
      "front_lower_right": [
        90.36029010949797,
        0.5845566609385503,
        -0.4499943129559165
      ],
      "front_upper_left": [
        90.36163038136803,
        -0.8999718763656616,
        0.44999452752997704
      ],
      "front_upper_right": [
        90.36029010842942,
        0.5845566609316377,
        0.44999448253310237
      ],
      "back_lower_left": [
        109.99450024126877,
        -1.0999656266822542,
        -0.5499930491683424
      ],
      "back_lower_right": [
        110.00000003502869,
        0.7144581411471169,
        -0.5499930491683424
      ],
      "back_upper_left": [
        109.99450023995757,
        -1.0999656266691418,
        0.5499933114255274
      ],
      "back_upper_right": [
        110.00000003371743,
        0.7144581411386682,
        0.5499933114255274
      ]
    }
  },
  "combined_single_cone": {
    "type": "combined_two_targets_single_cone",
    "los": {
      "azimuth_deg": -0.10057496871798607,
      "elevation_deg": 6.816452136843933e-08
    },
    "alpha_deg": 0.6024530570494111,
    "r_min_hint": 89.50112499296883,
    "r_max_hint": 111.24403497774225
  }
}