{
  "mode": "angular_sep_back_only",
  "center_xyz": [
    100.2187464429868,
    -0.19275374276756863,
    1.311285925398309e-07
  ],
  "target_distance_m": 100.21893180736377,
  "grade": "0",
  "r_min": 90.00001665764859,
  "r_max": 110.44883958775677,
  "half_azimuth_deg": 0.286473,
  "half_elevation_low_deg": 0.286473,
  "half_elevation_up_deg": 0.286473,
  "corner_points_xyz": {
    "front_lower_left": [
      89.99550019632892,
      -1.0999656266822542,
      -0.5499930491683424
    ],
    "front_lower_right": [
      89.99550019632892,
      0.7144581411471169,
      -0.5499930491683424
    ],
    "front_upper_left": [
      89.99550019632892,
      -1.0999656266822542,
      0.5499933114255274
    ],
    "front_upper_right": [
      89.99550019632892,
      0.7144581411471169,
      0.5499933114255274
    ],
    "back_lower_left": [
      110.44199268964469,
      -1.0999656266822542,
      -0.5499930491683424
    ],
    "back_lower_right": [
      110.44199268964469,
      0.7144581411471169,
      -0.5499930491683424
    ],
    "back_upper_left": [
      110.44199268964469,
      -1.0999656266822542,
      0.5499933114255274
    ],
    "back_upper_right": [
      110.44199268964469,
      0.7144581411471169,
      0.5499933114255274
    ]
  }
}