{
  "target_distance_m": 50,
  "grade": "A",
  "r_min": 49.0,
  "r_max": 51.0,
  "delta_azimuth_deg": 0.7729,
  "delta_elevation_deg": 0.5729,
  "delta_elevation_top_deg": 0.7729,
  "corner_points_xyz": {
    "front_lower_left": [
      48.993091746863584,
      -0.6609728368145987,
      -0.4899755018373469
    ],
    "front_lower_right": [
      48.993091746863584,
      0.6609728368145987,
      -0.4899755018373469
    ],
    "front_upper_left": [
      48.991083086132335,
      -0.6609457376842032,
      0.6610058846302648
    ],
    "front_upper_right": [
      48.991083086132335,
      0.6609457376842032,
      0.6610058846302648
    ],
    "back_lower_left": [
      50.992809777347816,
      -0.6879513199498885,
      -0.5099745019123406
    ],
    "back_lower_right": [
      50.992809777347816,
      0.6879513199498885,
      -0.5099745019123406
    ],
    "back_upper_left": [
      50.990719130464264,
      -0.6879231147325379,
      0.6879857166559898
    ],
    "back_upper_right": [
      50.990719130464264,
      0.6879231147325379,
      0.6879857166559898
    ]
  }
}